epoch,train_loss,val_window_mae_kwh,grad_norm,w_window,dynamics_residual_mae,l_state,w_state,l_prior,loss,l_window,l_dynamics,l_boundary,dynamics_residual_rmse,w_prior,w_dynamics,w_boundary,val_mae_soc_event_0.1,val_mae_soc_event_0.2,val_mae_soc_event_0.5,val_mae_time_60s,val_mae_time_120s,val_mae_time_300s,val_mae_time_600s,val_mae_full_trip
0.0,2.205528908305698,0.11668979923706502,0.8696415355313178,0.13937966028849283,0.014079472670952478,20.657040490044487,2.0657040490044487,0.0005753531424690866,2.205528908305698,0.13937966028849283,0.00038764904376067634,0.0,0.019109893383251295,5.7535314246908664e-05,0.00038764904376067634,0.0,0.014910121448338032,0.015160954557359219,0.016715794801712036,0.015245000831782818,0.026537947356700897,0.05884113907814026,0.09854765236377716,0.6875597834587097
1.0,2.145047187805176,0.05898630584124476,0.9945310773073311,0.08921917610698277,0.016348680895235803,20.541202333238388,2.054120233323839,0.011993343786646923,2.145047187805176,0.08921917610698277,0.0005083973438660097,0.0,0.021780094959669642,0.0011993343786646923,0.0005083973438660097,0.0,0.01240023784339428,0.012530043721199036,0.014189752750098705,0.011970419436693192,0.02113822102546692,0.04312824457883835,0.07218647003173828,0.2843470573425293
2.0,2.0803960959116616,0.09398021444212645,1.1151194095918018,0.053006927172342934,0.02301589192615615,20.208648681640625,2.020864868164063,0.05068136710259649,2.0803960959116616,0.053006927172342934,0.001456142008666777,0.0,0.03631897105111016,0.00506813671025965,0.001456142008666777,0.0,0.012973932549357414,0.013165779411792755,0.01483517698943615,0.012499005533754826,0.022103482857346535,0.050923943519592285,0.0943298265337944,0.5310105681419373
3.0,2.0142787959840565,0.05580892087891698,1.1629638897500234,0.06165027287271288,0.04374550738268428,19.379368040296768,1.9379368040296765,0.05083582881424162,2.0142787959840565,0.06165027287271288,0.009608127176761627,0.0,0.0932640102174547,0.0050835828814241625,0.009608127176761627,0.0,0.011532047763466835,0.011753103695809841,0.013356736861169338,0.011286640539765358,0.019965389743447304,0.04136984050273895,0.06972464174032211,0.2674829661846161
4.0,1.915659228960673,0.06268931250087917,1.0541984591052482,0.04645695351064205,0.08631374769740635,18.22300057941013,1.822300057941013,0.04593167909317546,1.915659228960673,0.04645695351064205,0.042309025302529335,0.0,0.200792182650831,0.004593167909317546,0.042309025302529335,0.0,0.011498413048684597,0.011740541085600853,0.013416646979749203,0.011353917419910431,0.020064128562808037,0.04256747290492058,0.07670322805643082,0.31417015194892883
5.0,1.8490230441093445,0.060569760273210704,1.0637107939882346,0.045010547257132,0.11516429111361504,17.19410604900784,1.7194106049007842,0.05098668817016813,1.8490230441093445,0.045010547257132,0.07950313886006673,0.0,0.2739980071783066,0.005098668817016814,0.07950313886006673,0.0,0.011422411538660526,0.011709706857800484,0.013342948630452156,0.011464342474937439,0.01981590874493122,0.04163032025098801,0.0727408304810524,0.3024316132068634
6.0,1.7922823429107666,0.05584665108472109,1.131924353102856,0.04697475334008535,0.12027678307559755,16.504499594370525,1.6504499594370525,0.047677151237924896,1.7922823429107666,0.04697475334008535,0.09008992815183268,0.0,0.29091372423701817,0.004767715123792489,0.09008992815183268,0.0,0.011496275663375854,0.011794576421380043,0.013433076441287994,0.01171659491956234,0.019935157150030136,0.0410735122859478,0.06646754592657089,0.27085646986961365
7.0,1.7493144538667467,0.05382275546435267,1.2336710774396975,0.050055701492561236,0.12237217939562267,15.996104134453667,1.599610413445367,0.04038775049977832,1.7493144538667467,0.050055701492561236,0.09560952045851284,0.0,0.3016219172212813,0.004038775049977832,0.09560952045851284,0.0,0.011722669005393982,0.011956778354942799,0.01368195191025734,0.011985821649432182,0.020409511402249336,0.041705045849084854,0.06439337879419327,0.2547268867492676
8.0,1.7019013166427612,0.05388491053599864,1.345662491277956,0.051748659875657826,0.1244927015569475,15.447822623782688,1.544782262378269,0.03353782184422016,1.7019013166427612,0.051748659875657826,0.10201661081777678,0.0,0.312622790535291,0.0033537821844220163,0.10201661081777678,0.0,0.011912453919649124,0.012110330164432526,0.013793282210826874,0.012081746943295002,0.020701568573713303,0.04249658063054085,0.06425287574529648,0.253730446100235
9.0,1.6565904551082187,0.05552952631842345,1.440119670511621,0.04883460555639532,0.1209253544608752,15.040244102478027,1.5040244102478029,0.03446830374499162,1.6565904551082187,0.04883460555639532,0.1002845929728614,0.0,0.3100376824537913,0.003446830374499162,0.1002845929728614,0.0,0.011799176223576069,0.012102088890969753,0.013711838982999325,0.011699836701154709,0.020327884703874588,0.04257442429661751,0.06638845056295395,0.2656325101852417
10.0,1.6233406331804063,0.05970047356095165,1.6510169371768924,0.05443363533251815,0.11606939633687337,14.708551088968912,1.4708551088968913,0.03609256467057599,1.6233406331804063,0.05443363533251815,0.09444263018667698,0.0,0.3012376411093606,0.003609256467057599,0.09444263018667698,0.0,0.011918295174837112,0.012177577242255211,0.013809909112751484,0.011772520840168,0.020618721842765808,0.04219408705830574,0.06748618185520172,0.2976264953613281
11.0,1.585067371527354,0.054480372346006334,1.691602571768842,0.04959929051498572,0.11617514739433925,14.356422000461155,1.4356422000461155,0.03386914140234391,1.585067371527354,0.04959929051498572,0.09643891577919324,0.0,0.30382974611388314,0.003386914140234391,0.09643891577919324,0.0,0.011810270138084888,0.01209635753184557,0.013691598549485207,0.011615636758506298,0.020308472216129303,0.04232584312558174,0.06852300465106964,0.255471795797348
12.0,1.5602704087893169,0.054950183257460594,1.7955125946606318,0.05419576602677504,0.11608839117818409,14.061979134877523,1.4061979134877522,0.03947708983388212,1.5602704087893169,0.05419576602677504,0.09592899680137634,0.0,0.3023014763991038,0.003947708983388212,0.09592899680137634,0.0,0.011818798258900642,0.01206475030630827,0.013678585179150105,0.011606520041823387,0.020313911139965057,0.041870906949043274,0.06811898946762085,0.26012900471687317
13.0,1.5295497179031372,0.060751284938305616,1.8106674328275152,0.054077104975779854,0.11763885368903478,13.755285422007242,1.3755285422007244,0.032665205291575856,1.5295497179031372,0.054077104975779854,0.09667751669055885,0.0,0.3029665450255076,0.003266520529157586,0.09667751669055885,0.0,0.012044296599924564,0.012255172245204449,0.013855665922164917,0.01187899336218834,0.02089596912264824,0.04193166643381119,0.06932054460048676,0.3038279712200165
14.0,1.4966858161820307,0.06233626382891089,1.7836009255015486,0.04778218497004774,0.11686906466881435,13.540644062889946,1.3540644062889948,0.03289778696166144,1.4966858161820307,0.04778218497004774,0.09154941555526522,0.0,0.29483119315571255,0.003289778696166145,0.09154941555526522,0.0,0.011975940316915512,0.012162063270807266,0.013791321776807308,0.011718282476067543,0.020639311522245407,0.04190332442522049,0.07278014719486237,0.3137197196483612
15.0,1.4684813287523057,0.05792541312985122,1.7380091678727394,0.04494087418748273,0.1167081023255984,13.309207439422607,1.3309207439422606,0.03891747734612889,1.4684813287523057,0.04494087418748273,0.08872799947857857,0.0,0.2902740438779195,0.00389174773461289,0.08872799947857857,0.0,0.011936236172914505,0.01214566919952631,0.013744192197918892,0.011555551551282406,0.02042493224143982,0.043149739503860474,0.07560618221759796,0.2748408019542694
16.0,1.4491706291834514,0.058469304465688765,1.7539654025174103,0.050842038045326866,0.1173391987880071,13.049888610839844,1.3049888610839846,0.0454958685570293,1.4491706291834514,0.050842038045326866,0.08879009468687905,0.0,0.28997567627165055,0.00454958685570293,0.08879009468687905,0.0,0.011932304129004478,0.012113040313124657,0.01370403915643692,0.011575487442314625,0.02041315659880638,0.04269483685493469,0.07454653084278107,0.2807750403881073
17.0,1.4215549561712477,0.06406754301860929,1.7685469371994869,0.05010866725610362,0.11840156962474187,12.789649221632216,1.2789649221632216,0.038382844585511416,1.4215549561712477,0.05010866725610362,0.08864307714005311,0.0,0.28989310562610626,0.003838284458551142,0.08864307714005311,0.0,0.012072045356035233,0.01223509106785059,0.013884290121495724,0.011851226910948753,0.020889269188046455,0.04210318624973297,0.07433149963617325,0.3251737356185913
18.0,1.3947765429814656,0.06697712687309831,1.7645007669257613,0.046675752848386765,0.1183482011159261,12.573035664028591,1.2573035664028593,0.04425516165792942,1.3947765429814656,0.046675752848386765,0.08637169520888063,0.0,0.28621150222089553,0.004425516165792942,0.08637169520888063,0.0,0.012330753728747368,0.012488089501857758,0.014206991530954838,0.011979024857282639,0.021285705268383026,0.045787446200847626,0.08436331152915955,0.3333756923675537
19.0,1.3740124437544081,0.07168431871104985,1.8218682558555663,0.047732722014188766,0.11748640735944112,12.365969922807482,1.2365969922807483,0.048824000689718455,1.3740124437544081,0.047732722014188766,0.08480031560692522,0.0,0.2839685579140981,0.004882400068971847,0.08480031560692522,0.0,0.0124274343252182,0.012609215453267097,0.014234883710741997,0.01209039893001318,0.021516943350434303,0.04468778520822525,0.08255086094141006,0.37335702776908875
20.0,1.34680884414249,0.06756822322495282,1.6993805021873931,0.04840327530271477,0.11682260533173879,12.094008922576904,1.2094008922576904,0.04356093125210868,1.34680884414249,0.04840327530271477,0.0846485516263379,0.0,0.28395077255037093,0.004356093125210868,0.0846485516263379,0.0,0.012288074009120464,0.012449813075363636,0.014088801108300686,0.011969571001827717,0.0212493147701025,0.04377608746290207,0.08094813674688339,0.34377598762512207
21.0,1.3179232080777485,0.067883157171309,1.727994163939653,0.04392116040819221,0.11579011297888225,11.865551206800673,1.1865551206800673,0.04559401319258743,1.3179232080777485,0.04392116040819221,0.08288748727904426,0.0,0.28076857990688747,0.004559401319258743,0.08288748727904426,0.0,0.012354238890111446,0.012528571300208569,0.014105230569839478,0.012027628719806671,0.021367071196436882,0.04377651959657669,0.08061841875314713,0.3462875783443451
22.0,1.2901176942719355,0.07048441097140312,1.744842771119157,0.042646688926551074,0.11637660529878405,11.600040594736734,1.1600040594736736,0.05516526558332973,1.2901176942719355,0.042646688926551074,0.08195041740934055,0.0,0.2792260812388526,0.0055165265583329735,0.08195041740934055,0.0,0.012745174579322338,0.012869388796389103,0.014601812697947025,0.012419498525559902,0.02232282981276512,0.048301272094249725,0.0895908921957016,0.35102441906929016
23.0,1.2664246029324002,0.07504616596270353,1.799653609524954,0.045751026935047574,0.11616387549373838,11.337826940748426,1.1337826940748428,0.060625309952431254,1.2664246029324002,0.045751026935047574,0.08082836700810327,0.0,0.27754655480384827,0.006062530995243125,0.08082836700810327,0.0,0.012851211242377758,0.012987284921109676,0.014680934138596058,0.01246408186852932,0.02249446138739586,0.04823353886604309,0.08942786604166031,0.38722994923591614
24.0,1.2373662855890062,0.06969190994277596,1.752482732104316,0.04774450303779708,0.11464914431174596,11.049600495232475,1.1049600495232477,0.05444068544440799,1.2373662855890062,0.04774450303779708,0.07921764730579323,0.0,0.27475352419747245,0.005444068544440799,0.07921764730579323,0.0,0.012583897449076176,0.012731900438666344,0.014408192597329617,0.012237653136253357,0.02186756767332554,0.045897167176008224,0.08479982614517212,0.35300907492637634
25.0,1.2002413935131497,0.058632899075746536,1.7129367761599432,0.042170285143786006,0.11313928663730621,10.756707297431099,1.07567072974311,0.05546863894495699,1.2002413935131497,0.042170285143786006,0.07685355697241095,0.0,0.2704938070641624,0.0055468638944957,0.07685355697241095,0.0,0.012159733101725578,0.01229475624859333,0.013957275077700615,0.011923868209123611,0.02098001353442669,0.04327934980392456,0.07827985286712646,0.27618834376335144
26.0,1.1699369615978665,0.05551935464609414,1.766937967642712,0.04510305097533597,0.11153009285529454,10.455712106492784,1.0455712106492785,0.05428727322982417,1.1699369615978665,0.04510305097533597,0.07383395400312212,0.0,0.26505612002478707,0.005428727322982417,0.07383395400312212,0.0,0.01207577995955944,0.012167907319962978,0.013733125291764736,0.011882777325809002,0.020804738625884056,0.0416862778365612,0.07462696731090546,0.2571772634983063
27.0,1.1339264114697774,0.05568122665863484,1.7176402873302064,0.044307020182410874,0.10931670334604052,10.132916556464302,1.0132916556464302,0.056430821824404925,1.1339264114697774,0.044307020182410874,0.07068460683027904,0.0,0.25917745133241016,0.005643082182440492,0.07068460683027904,0.0,0.012115644291043282,0.012239024043083191,0.013920252211391926,0.011934224516153336,0.020859137177467346,0.043041180819272995,0.07699886709451675,0.2543414831161499
28.0,1.0990056461758084,0.06075396272353828,1.7002983070535895,0.04529902235501342,0.10739414973391427,9.79648330476549,0.9796483304765489,0.05443097154299418,1.0990056461758084,0.04529902235501342,0.06861519461704625,0.0,0.25522763695981765,0.005443097154299418,0.06861519461704625,0.0,0.012302159331738949,0.012385707348585129,0.014018570072948933,0.012071792036294937,0.02119726873934269,0.04328373074531555,0.07794704288244247,0.2928254306316376
29.0,1.0570377310117085,0.056153363664634526,1.6725496773604194,0.03990823051167859,0.10355889631642236,9.470147768656412,0.9470147768656412,0.05783650941318936,1.0570377310117085,0.03990823051167859,0.0643310449603531,0.0,0.24707927140924665,0.005783650941318936,0.0643310449603531,0.0,0.01222024392336607,0.012329927645623684,0.014051835983991623,0.012060911394655704,0.021096540614962578,0.04371463134884834,0.0783223882317543,0.2554304301738739
30.0,1.0227512783474393,0.05671727831941098,1.7370443292310827,0.04613559734490183,0.10392747239934073,9.066970851686266,0.9066970851686266,0.06345682342847188,1.0227512783474393,0.04613559734490183,0.06357291630572742,0.0,0.24627331892649332,0.006345682342847189,0.06357291630572742,0.0,0.012155274860560894,0.012243532575666904,0.013915684074163437,0.01195946242660284,0.020956724882125854,0.04234406352043152,0.07691122591495514,0.26325225830078125
31.0,0.9841686255402036,0.05463247129227966,1.7533872433929518,0.04264328856435087,0.09785675505797069,8.7870987256368,0.8787098725636802,0.05155410969422923,0.9841686255402036,0.04264328856435087,0.05766004303263293,0.0,0.2334408230251736,0.005155410969422924,0.05766004303263293,0.0,0.01210547424852848,0.012185262516140938,0.013749413192272186,0.011940118856728077,0.02082451991736889,0.04189356788992882,0.07517875730991364,0.24918265640735626
32.0,0.9395312534438239,0.06530644139274955,1.6845670221011246,0.04199630829195181,0.09950129439433415,8.32018091943529,0.8320180919435289,0.06544146024518543,0.9395312534438239,0.04199630829195181,0.0589726809412241,0.0,0.23718403279781342,0.006544146024518542,0.0589726809412241,0.0,0.01226698700338602,0.01237510796636343,0.014134231954813004,0.012179626151919365,0.021251818165183067,0.045412126928567886,0.08186502754688263,0.322966605424881
33.0,0.9116306304931641,0.05504134425427765,1.894132703383165,0.04814715269539091,0.09314734737078349,8.04229180018107,0.8042291800181072,0.06653083239992459,0.9116306304931641,0.04814715269539091,0.05260120011452171,0.0,0.2224441236919827,0.0066530832399924605,0.05260120011452171,0.0,0.012100918218493462,0.012181469239294529,0.013868902809917927,0.011948603205382824,0.020830698311328888,0.04215232655405998,0.07526478916406631,0.25198304653167725
34.0,0.8618848390049405,0.059564071358181536,1.7129677845377616,0.04539284875823392,0.09457073029544619,7.569586250517103,0.7569586250517103,0.04762168352802595,0.8618848390049405,0.04539284875823392,0.05477118109249406,0.0,0.2287834733724594,0.004762168352802594,0.05477118109249406,0.0,0.012487330473959446,0.012596973218023777,0.014019650407135487,0.012448204681277275,0.021566443145275116,0.04476623982191086,0.07893531769514084,0.2796924114227295
35.0,0.8261478179030948,0.06572260067332536,1.6951824260888317,0.04505980221761598,0.08947492846184307,7.264054245418972,0.7264054245418972,0.05702483964463075,0.8261478179030948,0.04505980221761598,0.048980106910069786,0.0,0.21519397530290815,0.005702483964463076,0.048980106910069786,0.0,0.012401126325130463,0.012518052943050861,0.014266308397054672,0.012317093089222908,0.02155655063688755,0.045887600630521774,0.08309588581323624,0.3237381875514984
36.0,0.788790096839269,0.054555389331653714,1.7943125116249012,0.04998100962903765,0.08850336033436987,6.83307064904107,0.683307064904107,0.07091213473015362,0.788790096839269,0.04998100962903765,0.048410790455010205,0.0,0.21504881398545372,0.007091213473015362,0.048410790455010205,0.0,0.0121622234582901,0.012220887467265129,0.013898401521146297,0.012024403549730778,0.020910579711198807,0.04248644411563873,0.07568619400262833,0.24705398082733154
37.0,0.7444332771831088,0.05158649547956884,1.707151368940186,0.04324600804183218,0.08689866918656561,6.503227233886719,0.6503227233886719,0.05278424318465921,0.7444332771831088,0.04324600804183218,0.04558612613214387,0.0,0.20845314529207018,0.005278424318465922,0.04558612613214387,0.0,0.012107583694159985,0.012189618311822414,0.013729222118854523,0.01200755126774311,0.020776020362973213,0.04212034493684769,0.07372476160526276,0.22603686153888702
38.0,0.7063628236452738,0.0490455481922254,1.664825091425859,0.04276961812542544,0.08222037429610889,6.154822111129761,0.6154822111129761,0.05888509295052952,0.7063628236452738,0.04276961812542544,0.04222247822003232,0.0,0.2008946877386835,0.005888509295052953,0.04222247822003232,0.0,0.012024590745568275,0.012079276144504547,0.013685902580618858,0.011928954161703587,0.020646659657359123,0.042082030326128006,0.07349897921085358,0.2064179927110672
39.0,0.6741938028070662,0.0533090247772634,1.714458040642668,0.04535760068231159,0.08272947660750812,5.818151421017117,0.5818151421017118,0.052839486135376826,0.6741938028070662,0.04535760068231159,0.041737110974888005,0.0,0.20005458924505445,0.005283948613537683,0.041737110974888005,0.0,0.012288031168282032,0.012382767163217068,0.013791562058031559,0.012244016863405704,0.02112431265413761,0.04338415339589119,0.07575220614671707,0.235505148768425
40.0,0.6363955239454905,0.05425613815896213,1.6138076372430583,0.04332948041458925,0.07808546349406242,5.492712630165948,0.5492712630165948,0.05661335504717297,0.6363955239454905,0.04332948041458925,0.03813344260884656,0.0,0.19066045929988226,0.005661335504717297,0.03813344260884656,0.0,0.012226098217070103,0.012271147221326828,0.013979599811136723,0.01210622675716877,0.021069729700684547,0.04275038465857506,0.0772109404206276,0.24243497848510742
41.0,0.6046777897410922,0.059443550766445696,1.7323506813842873,0.043516809534695416,0.07753524639540249,5.17829434076945,0.517829434076945,0.05924564123981529,0.6046777897410922,0.043516809534695416,0.037406963813636035,0.0,0.18816412654187945,0.005924564123981529,0.037406963813636035,0.0,0.012416706420481205,0.012483920902013779,0.01407997589558363,0.012233651243150234,0.021296748891472816,0.04429266229271889,0.07850456237792969,0.28024017810821533
42.0,0.5749233663082123,0.05754260648973286,1.6323752106234966,0.04049517917964193,0.07523000157541698,4.926149831877814,0.4926149831877814,0.06315891134242217,0.5749233663082123,0.04049517917964193,0.03549730032682419,0.0,0.18415317436059317,0.006315891134242217,0.03549730032682419,0.0,0.012389079667627811,0.012472936883568764,0.014242066070437431,0.012286507524549961,0.0214809812605381,0.04464499279856682,0.08054409176111221,0.2622801959514618
43.0,0.5522465507189432,0.05601706821471453,1.790413045528214,0.04554550163447857,0.07436017526520623,4.667156484391954,0.46671564843919544,0.06891964996854465,0.5522465507189432,0.04554550163447857,0.03309343568980694,0.0,0.1778541679183642,0.006891964996854465,0.03309343568980694,0.0,0.012257265858352184,0.01232282817363739,0.013982231728732586,0.012114185839891434,0.021068314090371132,0.042950574308633804,0.07740304619073868,0.256038099527359
44.0,0.5190634578466415,0.054075444117188454,1.6445975346060213,0.04445789402557744,0.07049467124872738,4.390952653355068,0.4390952653355069,0.052999371455775365,0.5190634578466415,0.04445789402557744,0.030210335531996355,0.0,0.1695056292745802,0.005299937145577537,0.030210335531996355,0.0,0.012211471796035767,0.012298103421926498,0.013822551816701889,0.012087758630514145,0.0209231935441494,0.04261045902967453,0.07496138662099838,0.24368862807750702
45.0,0.4954000992907418,0.05166979134082794,1.825756327181577,0.04157804904712571,0.06776835355493757,4.197385509808858,0.41973855098088586,0.05770033225417137,0.4954000992907418,0.04157804904712571,0.028313460035456553,0.0,0.16382200684812334,0.005770033225417137,0.028313460035456553,0.0,0.012107578106224537,0.012176459655165672,0.013776112347841263,0.011999371461570263,0.020772716030478477,0.04217913746833801,0.0745224803686142,0.2258244752883911
46.0,0.4924464192655351,0.0566370984306559,1.9506865297439973,0.043974302088220917,0.07211278254787128,4.104279067781237,0.41042790677812363,0.05109579012625747,0.4924464192655351,0.043974302088220917,0.032934623356494636,0.0,0.1765004512336519,0.005109579012625747,0.032934623356494636,0.0,0.012429495342075825,0.012529006227850914,0.013930012471973896,0.01236549112945795,0.02133099175989628,0.04419739544391632,0.07772932946681976,0.2585850656032562
47.0,0.462991123398145,0.06872773973736912,1.695757433216663,0.0430842155797614,0.06576682006319363,3.8674096796247692,0.38674096796247703,0.06064179829425282,0.462991123398145,0.0430842155797614,0.027101755970054202,0.0,0.16005626817544302,0.006064179829425283,0.027101755970054202,0.0,0.01238158904016018,0.012508593499660492,0.014255762100219727,0.012326286174356937,0.021416353061795235,0.04626457020640373,0.08326198905706406,0.3474067747592926
48.0,0.45691340499454075,0.051860250416211784,1.998697112429927,0.04997213205529584,0.06603488160504235,3.7357907030317516,0.3735790703031752,0.0721642416384485,0.45691340499454075,0.04997213205529584,0.02614577083537976,0.0,0.15738571766350004,0.007216424163844852,0.02614577083537976,0.0,0.012136058881878853,0.012200402095913887,0.013847045600414276,0.012024511583149433,0.020833836868405342,0.04236720874905586,0.07497695833444595,0.22649598121643066
49.0,0.43879184789127773,0.05664900317788124,1.8346692948782706,0.045067449617717,0.06523267635040814,3.6302290757497153,0.3630229075749715,0.04803813331656986,0.43879184789127773,0.045067449617717,0.025897664794077475,0.0,0.15687404655747944,0.004803813331656986,0.025897664794077475,0.0,0.012622694484889507,0.012776627205312252,0.014127498492598534,0.012661540880799294,0.021801838651299477,0.04585323855280876,0.07982532680034637,0.2535232603549957
50.0,0.43477851980262333,0.05450255319010466,1.7510499993604283,0.04970988569160303,0.06300377017921871,3.498738408088684,0.3498738408088684,0.05298414102031125,0.43477851980262333,0.04970988569160303,0.029896384829448328,0.0,0.16795523878600863,0.005298414102031125,0.029896384829448328,0.0,0.012154417112469673,0.012202097102999687,0.013897493481636047,0.012114704586565495,0.02091296575963497,0.04324382543563843,0.07745371758937836,0.24404120445251465
51.0,0.40199634929498035,0.05039939843118191,1.7992538334351087,0.045004942557877965,0.05847906900776757,3.3041706350114612,0.3304170635011461,0.06828689409626855,0.40199634929498035,0.045004942557877965,0.019745640456676483,0.0,0.13795702076620525,0.006828689409626855,0.019745640456676483,0.0,0.012102723121643066,0.012155111879110336,0.013780660927295685,0.012061866000294685,0.020766662433743477,0.04273166507482529,0.07550846040248871,0.21408803761005402
52.0,0.3907294637627072,0.05400863382965326,1.7861628200381137,0.045600544247362346,0.060355027930604085,3.1792491144604154,0.31792491144604157,0.05220651129881541,0.3907294637627072,0.045600544247362346,0.021983352800210316,0.0,0.14538843267493778,0.00522065112988154,0.021983352800210316,0.0,0.012459220364689827,0.012560042552649975,0.013985644094645977,0.012457434087991714,0.021436497569084167,0.04427769407629967,0.07629185169935226,0.2386006861925125
53.0,0.3831660813755459,0.06106917711440474,1.6111374981892341,0.044678348013096385,0.057847649686866336,3.1087061365445456,0.31087061365445456,0.05634121555421087,0.3831660813755459,0.044678348013096385,0.02198299165401194,0.0,0.14492636339532006,0.005634121555421087,0.02198299165401194,0.0,0.012167278677225113,0.012237345799803734,0.013955263420939445,0.01218679454177618,0.021016405895352364,0.04401939734816551,0.07922454923391342,0.29374638199806213
54.0,0.36696641478273606,0.059100272599607706,1.6105115171357207,0.045199824083182544,0.05628714213768641,2.9549502862824335,0.29549502862824334,0.0712426101995839,0.36696641478273606,0.045199824083182544,0.01914728743334611,0.0,0.1363404451145066,0.007124261019958391,0.01914728743334611,0.0,0.012157999910414219,0.012233860790729523,0.013915824703872204,0.012167716398835182,0.020978262647986412,0.04376102238893509,0.07838312536478043,0.2792043685913086
55.0,0.36268767880068886,0.05329102138057351,1.714507020144943,0.045707413305838905,0.05684688604540295,2.9135409461127386,0.2913540946112739,0.05884116142988205,0.36268767880068886,0.045707413305838905,0.019742043533672888,0.0,0.1382565986779001,0.005884116142988206,0.019742043533672888,0.0,0.012339266017079353,0.012430082075297832,0.013968111015856266,0.01226743869483471,0.02119944989681244,0.04348360747098923,0.07402706146240234,0.23661315441131592
56.0,0.36071426669756573,0.0530476791318506,1.6049710543550937,0.04181972829004129,0.05652500275108549,2.932194557454851,0.29321945574548514,0.057234188127848834,0.36071426669756573,0.04181972829004129,0.01995166442874405,0.0,0.13845873955223295,0.005723418812784885,0.01995166442874405,0.0,0.012109916657209396,0.012168633751571178,0.013802144676446915,0.012102005071938038,0.020859992131590843,0.04329372197389603,0.07636524736881256,0.23367977142333984
57.0,0.35074127548270756,0.047540300409309566,1.657965768015242,0.042721692472696304,0.054305747979217105,2.8109569549560547,0.2810956954956055,0.06690153355399768,0.35074127548270756,0.042721692472696304,0.020233729026383825,0.0,0.13940032488769954,0.006690153355399768,0.020233729026383825,0.0,0.012057673186063766,0.012114465236663818,0.013698291033506393,0.012065273709595203,0.020753374323248863,0.04306919500231743,0.07436959445476532,0.19219453632831573
58.0,0.34210514360004,0.050177757046185434,1.6714302139490573,0.04189494252204895,0.0522031034860346,2.7730235523647733,0.2773023552364774,0.06329252695043881,0.34210514360004,0.04189494252204895,0.016578589669532247,0.0,0.126842699944973,0.0063292526950438814,0.016578589669532247,0.0,0.012153450399637222,0.012233124114573002,0.013790501281619072,0.012108808383345604,0.020939389243721962,0.04282484948635101,0.07494407892227173,0.21242785453796387
59.0,0.3498785412973828,0.055692906491458416,1.7578225523878523,0.03973204601142141,0.05828913342621592,2.7915485170152454,0.2791548517015245,0.06862496791614427,0.3498785412973828,0.03973204601142141,0.024129146865258615,0.0,0.1514563055502044,0.006862496791614427,0.024129146865258615,0.0,0.012390908785164356,0.012468726374208927,0.014202701859176159,0.012311152182519436,0.02145574614405632,0.04397057369351387,0.08031529188156128,0.24842815101146698
60.0,0.3378743330637614,0.06640515895560384,1.64695068063193,0.04208747131956948,0.05241062036818928,2.7081631819407144,0.2708163181940715,0.06289307938681708,0.3378743330637614,0.04208747131956948,0.018681229506101873,0.0,0.13386681179205576,0.00628930793868171,0.018681229506101873,0.0,0.012743121944367886,0.012813158333301544,0.014474201016128063,0.012594783678650856,0.021930985152721405,0.046551115810871124,0.08386129885911942,0.3262726068496704
61.0,0.334416704873244,0.05910530942492187,1.5797625697294961,0.0435490467482143,0.05405800003144476,2.624856094519297,0.2624856094519297,0.06213413861890634,0.334416704873244,0.0435490467482143,0.02216862328350544,0.0,0.14564106861750284,0.0062134138618906345,0.02216862328350544,0.0,0.012447444722056389,0.012543972581624985,0.014255635440349579,0.012354198843240738,0.021565798670053482,0.0442749448120594,0.08097497373819351,0.2744255065917969
62.0,0.3312016228834788,0.060580811579711735,1.658610529091498,0.0410132012847397,0.054368223167128034,2.643084512816535,0.26430845128165353,0.06710392091837195,0.3312016228834788,0.0410132012847397,0.019169567566778924,0.0,0.13525173978673088,0.006710392091837195,0.019169567566778924,0.0,0.012451601214706898,0.012536861933767796,0.014192039147019386,0.012332689948379993,0.021504759788513184,0.04449997469782829,0.08089010417461395,0.2862384617328644
63.0,0.32495611906051636,0.05206784454640001,1.5761571259656295,0.04031596560445097,0.05337090893752045,2.566434144973755,0.25664341449737554,0.06339411292639044,0.32495611906051636,0.04031596560445097,0.021657315082848072,0.0,0.14372239427434075,0.006339411292639045,0.021657315082848072,0.0,0.012146699242293835,0.012240936048328876,0.013831482268869877,0.012105580419301987,0.02096148021519184,0.04254421964287758,0.07565339654684067,0.22705896198749542
64.0,0.31846122112539077,0.05331833497621119,1.6810575885570165,0.04085463864935769,0.05087412210802237,2.5384527444839478,0.2538452744483948,0.06071798813839754,0.31846122112539077,0.04085463864935769,0.017689501763217978,0.0,0.13039737029208076,0.006071798813839754,0.017689501763217978,0.0,0.012196342460811138,0.012304911389946938,0.013787939213216305,0.012160524725914001,0.021017087623476982,0.043498583137989044,0.07536204904317856,0.23621924221515656
65.0,0.3287427756521437,0.05782740516588092,1.7653031181626562,0.04232422779831621,0.05498090593351258,2.555307242605421,0.2555307242605422,0.06227459551559554,0.3287427756521437,0.04232422779831621,0.024660352100100782,0.0,0.15243837982416153,0.006227459551559554,0.024660352100100782,0.0,0.012321876361966133,0.012421759776771069,0.014093386009335518,0.012239965610206127,0.021336348727345467,0.04348306357860565,0.07910478115081787,0.2676180601119995
66.0,0.32408034304777783,0.06688756216317415,1.710642336008365,0.03842799779441622,0.052271970030334264,2.577722337510851,0.25777223375108504,0.06597235074473752,0.32408034304777783,0.03842799779441622,0.021282870115505323,0.0,0.14206110768847996,0.006597235074473753,0.021282870115505323,0.0,0.012673942372202873,0.012764530256390572,0.014431815594434738,0.01253281719982624,0.021939115598797798,0.04625021666288376,0.08424894511699677,0.3302591145038605
67.0,0.3161646392610338,0.058047978207468987,1.663718961247301,0.040713403994838394,0.052797448303964406,2.4599749975734286,0.2459974997573429,0.06999120612939198,0.3161646392610338,0.040713403994838394,0.0224546090596252,0.0,0.14530439840422738,0.0069991206129392,0.0224546090596252,0.0,0.012392529286444187,0.012510540895164013,0.014222824946045876,0.012322092428803444,0.021500468254089355,0.0445801317691803,0.08117933571338654,0.2656759023666382
68.0,0.31261062373717624,0.05916845891624689,1.719525045965747,0.04140873336129718,0.0526659128566583,2.4454917245441012,0.24454917245441019,0.0700162293182479,0.31261062373717624,0.04140873336129718,0.019651080740408763,0.0,0.13610083609819412,0.007001622931824791,0.019651080740408763,0.0,0.012380577623844147,0.0124811427667737,0.014071878045797348,0.012297633104026318,0.021340444684028625,0.04422802850604057,0.07948862016201019,0.2770593464374542
69.0,0.314730241894722,0.05573277338407934,1.6288996863336616,0.03690912284784847,0.05314209167328146,2.464133699735006,0.2464133699735006,0.06535329442057344,0.314730241894722,0.03690912284784847,0.02487240933502714,0.0,0.15287822816107008,0.006535329442057345,0.02487240933502714,0.0,0.012164374813437462,0.012268869206309319,0.01394446101039648,0.012196247465908527,0.021000700071454048,0.043728094547986984,0.07704976946115494,0.25350967049598694
70.0,0.3122667951716317,0.050571590079925954,1.752726575859347,0.041593403865893684,0.05348834581673145,2.437528497642941,0.2437528497642941,0.06796045891112751,0.3122667951716317,0.041593403865893684,0.020124491459379595,0.0,0.13802946772840288,0.006796045891112752,0.020124491459379595,0.0,0.012146595865488052,0.012230758555233479,0.013897260650992393,0.012190937995910645,0.020954325795173645,0.043360885232686996,0.07516342401504517,0.21462853252887726
71.0,0.32217614518271553,0.05612623132765293,1.8525823180620986,0.03996714142461618,0.05692512003911866,2.482476592063904,0.24824765920639041,0.06516214418742391,0.32217614518271553,0.03996714142461618,0.027445131602386635,0.0,0.1603593561384413,0.006516214418742392,0.027445131602386635,0.0,0.012264334596693516,0.012376921251416206,0.01398518681526184,0.012236976064741611,0.021144505590200424,0.04299551993608475,0.07616684585809708,0.257839560508728
72.0,0.3015410668320126,0.05162825924344361,1.5693829059830469,0.036591771990060806,0.04925841589768728,2.377787239021725,0.23777872390217258,0.06581491997672452,0.3015410668320126,0.036591771990060806,0.020589061960991886,0.0,0.13906342618995243,0.0065814919976724525,0.020589061960991886,0.0,0.012049047276377678,0.01213851198554039,0.013821376487612724,0.012076061218976974,0.020809976384043694,0.04341889172792435,0.07531464099884033,0.22339756786823273
73.0,0.3038350310590532,0.05135260510724038,1.6337540680762683,0.04077659071319633,0.050897351362639,2.348220467567444,0.23482204675674442,0.06301121993197335,0.3038350310590532,0.04077659071319633,0.021935277256286807,0.0,0.14220797436104882,0.006301121993197335,0.021935277256286807,0.0,0.012060356326401234,0.012178254313766956,0.01371951773762703,0.012088322080671787,0.02084600180387497,0.04268281161785126,0.07267434895038605,0.22457122802734375
74.0,0.3000810758935081,0.06063936941791326,1.6108457297330556,0.04048356165488561,0.052096174408992134,2.3259064290258618,0.23259064290258621,0.06477165594696999,0.3000810758935081,0.04048356165488561,0.020529708825051785,0.0,0.13825740582413143,0.006477165594696999,0.020529708825051785,0.0,0.012446912005543709,0.01258165668696165,0.014256847091019154,0.012378375045955181,0.02162209525704384,0.04460957646369934,0.08102007210254669,0.2861994206905365
75.0,0.29051558425029117,0.061880953260697424,1.558191242393085,0.03625492047932413,0.04828093573451042,2.26094733344184,0.22609473334418403,0.07230641092691156,0.29051558425029117,0.03625492047932413,0.02093528278378977,0.0,0.1393093383974499,0.007230641092691158,0.02093528278378977,0.0,0.012301542796194553,0.012448606081306934,0.014155348762869835,0.012297882698476315,0.021276092156767845,0.04499262198805809,0.08015598356723785,0.29741954803466797
76.0,0.29276709092987907,0.0560210314579308,1.6645811142452327,0.04145503333873219,0.050495456697212324,2.2388057907422385,0.22388057907422385,0.06648209442694981,0.29276709092987907,0.04145503333873219,0.020783268225689728,0.0,0.13893110967344707,0.006648209442694982,0.020783268225689728,0.0,0.012287713587284088,0.012400085106492043,0.014022375456988811,0.012266135774552822,0.02123236656188965,0.04321394860744476,0.07590322196483612,0.25684240460395813
77.0,0.30647869739267564,0.06307295430451632,1.8391663338780653,0.0395399151990811,0.05430841984020339,2.3525853753089905,0.23525853753089906,0.06176292854878637,0.30647869739267564,0.0395399151990811,0.02550393844851189,0.0,0.15326848874489465,0.006176292854878637,0.02550393844851189,0.0,0.012494399212300777,0.012620172463357449,0.014244409278035164,0.01240251213312149,0.021527990698814392,0.044617392122745514,0.07923048734664917,0.30744627118110657
78.0,0.29390180442068314,0.05914891918655485,1.7420886233321533,0.039217847088972725,0.05081981523997254,2.2842415504985385,0.22842415504985392,0.0681574506064256,0.29390180442068314,0.039217847088972725,0.019444052518034976,0.0,0.13390064901775783,0.006815745060642562,0.019444052518034976,0.0,0.012240644544363022,0.012370210140943527,0.014088413678109646,0.012231845408678055,0.021126892417669296,0.04443211480975151,0.07941792160272598,0.27728331089019775
79.0,0.2996820948190159,0.05582235788460821,1.8093071471102418,0.04156329751842552,0.05366393344269858,2.2582350505722895,0.22582350505722892,0.0691571438478099,0.2996820948190159,0.04156329751842552,0.025379582722153928,0.0,0.152244927154647,0.00691571438478099,0.025379582722153928,0.0,0.012133382260799408,0.01228061132133007,0.013876318000257015,0.012112891301512718,0.020998813211917877,0.042813174426555634,0.0750517025589943,0.25731196999549866
80.0,0.2768954270415836,0.06248755694832653,1.4813936365113471,0.03519510643349753,0.04876984593768915,2.160691135459476,0.2160691135459476,0.06330227251682016,0.2768954270415836,0.03519510643349753,0.019300977440757885,0.0,0.13357678221331704,0.006330227251682017,0.019300977440757885,0.0,0.012136099860072136,0.012247185222804546,0.014082086272537708,0.012200363911688328,0.021020766347646713,0.04487696290016174,0.07780766487121582,0.30552932620048523
81.0,0.2835426587197516,0.05967019824311137,1.621885459500921,0.04122559664150079,0.04990075880454646,2.1480541361702814,0.21480541361702815,0.06784646461407344,0.2835426587197516,0.04122559664150079,0.020726995801346168,0.0,0.13711940414375728,0.006784646461407344,0.020726995801346168,0.0,0.012108469381928444,0.012213927693665028,0.014033925719559193,0.012189140543341637,0.021002421155571938,0.0445423349738121,0.07628931105136871,0.2849820554256439
82.0,0.2803486039241155,0.05682070052716881,1.6472087854556325,0.038972571285234556,0.050396609844432935,2.139965911706289,0.21399659117062886,0.06670090556144714,0.2803486039241155,0.038972571285234556,0.020709343461526766,0.0,0.1377124140659968,0.0066700905561447145,0.020709343461526766,0.0,0.012284383177757263,0.01242433674633503,0.014105381444096565,0.012268171645700932,0.02124321460723877,0.04368393123149872,0.07767944037914276,0.26087674498558044
83.0,0.27102146711614394,0.05889332271181047,1.1845018000110785,0.036539294860429235,0.04690976378818353,2.077045996983846,0.20770459969838462,0.06259218955205546,0.27102146711614394,0.036539294860429235,0.0205183491214282,0.0,0.13711543215645683,0.006259218955205547,0.0205183491214282,0.0,0.012335485778748989,0.012473325245082378,0.014077342115342617,0.012301734648644924,0.021328283473849297,0.043619588017463684,0.07625375688076019,0.2787570655345917
84.0,0.26976461211840314,0.0648192164953798,1.6892510178323752,0.03503967159324222,0.04958030933307277,2.0711481306287975,0.2071148130628798,0.06901879670719306,0.26976461211840314,0.03503967159324222,0.020708247294856444,0.0,0.1372736601365937,0.006901879670719306,0.020708247294856444,0.0,0.01216866634786129,0.012269267812371254,0.014132303185760975,0.012215706519782543,0.02104201354086399,0.045405011624097824,0.07935220748186111,0.32196855545043945
85.0,0.29485679500632817,0.049208140349946916,1.8597062689022335,0.04349853677882089,0.052247120067477226,2.1874446007940502,0.21874446007940504,0.07135588261816236,0.29485679500632817,0.04349853677882089,0.025478203367027972,0.0,0.1520984032087856,0.007135588261816237,0.025478203367027972,0.0,0.011992868967354298,0.012101087719202042,0.013838786631822586,0.012077076360583305,0.020825844258069992,0.0432092510163784,0.07210835069417953,0.20751185715198517
86.0,0.27708858251571655,0.06586812390014529,1.7319860917737917,0.03890256107681327,0.04937942595117622,2.1315888696246676,0.2131588869624668,0.05989079467124409,0.27708858251571655,0.03890256107681327,0.01903805237573882,0.0,0.13116243109107018,0.00598907946712441,0.01903805237573882,0.0,0.012623823247849941,0.01276296004652977,0.014459078200161457,0.012554200366139412,0.021867120638489723,0.04556029289960861,0.08105659484863281,0.3260609209537506
87.0,0.2805255312058661,0.06147573119960725,1.8283294626624245,0.041711591391099825,0.052542300067014165,2.0881188180711536,0.20881188180711535,0.06403944744831985,0.2805255312058661,0.041711591391099825,0.02359810471534729,0.0,0.14619102908505333,0.006403944744831986,0.02359810471534729,0.0,0.012499172240495682,0.012630945071578026,0.014415119774639606,0.012461823411285877,0.021747993305325508,0.04560454934835434,0.08156199008226395,0.29088425636291504
88.0,0.2642497685220506,0.05893348250538111,1.6718039596805632,0.03880218747589323,0.04849587091141277,2.006837844848633,0.2006837844848633,0.06452539480394787,0.2642497685220506,0.03880218747589323,0.01831124756588704,0.0,0.12909735242525736,0.0064525394803947875,0.01831124756588704,0.0,0.012391292490065098,0.01252380758523941,0.014267428778111935,0.01236424595117569,0.02149844914674759,0.0446949228644371,0.07858507335186005,0.275142639875412
89.0,0.2586155831813812,0.06901730108074844,1.6044197009497476,0.03606014367606905,0.05087328950564066,1.9485827220810785,0.19485827220810786,0.06293023005127907,0.2586155831813812,0.03606014367606905,0.021404142698480025,0.0,0.137838461332851,0.006293023005127908,0.021404142698480025,0.0,0.012763069011271,0.012898486107587814,0.01459870208054781,0.012604383751749992,0.022159257903695107,0.04651698097586632,0.08348269760608673,0.34711483120918274
90.0,0.2537826539741622,0.05691491148900241,1.5143407888330795,0.03973894462817245,0.04915194192694293,1.868775036599901,0.1868775036599901,0.0639230679306719,0.2537826539741622,0.03973894462817245,0.020773902897619538,0.0,0.13747698813676834,0.006392306793067191,0.020773902897619538,0.0,0.012307110242545605,0.012435437180101871,0.014204909093677998,0.01227259635925293,0.02136809192597866,0.044646255671978,0.07835952937602997,0.2597253620624542
91.0,0.2567078015870518,0.06404393061529845,1.6711406247763934,0.03793202837308248,0.04843386904233032,1.920604454146491,0.19206044541464914,0.06719299550685617,0.2567078015870518,0.03793202837308248,0.01999602065835562,0.0,0.13345214600364366,0.006719299550685618,0.01999602065835562,0.0,0.01265630591660738,0.012781758792698383,0.014601394534111023,0.012566509656608105,0.022106071934103966,0.0466952882707119,0.08518632501363754,0.3057577908039093
92.0,0.26296263602044845,0.07283594622276723,1.8049039146774106,0.03783963310221831,0.05231868310107125,1.9330716000662909,0.19330716000662906,0.06485870170096557,0.26296263602044845,0.03783963310221831,0.02532997147904502,0.0,0.15168212519751656,0.006485870170096556,0.02532997147904502,0.0,0.012995278462767601,0.013108670711517334,0.014854952692985535,0.012818269431591034,0.0226665660738945,0.048168204724788666,0.08513642847537994,0.37293919920921326
93.0,0.2660214967197842,0.06817813904490322,1.8250058296590983,0.04238824235896269,0.04697171660761038,1.981303996509976,0.1981303996509976,0.06396251461572117,0.2660214967197842,0.04238824235896269,0.019106611816419497,0.0,0.1303510090543164,0.006396251461572118,0.019106611816419497,0.0,0.012686538510024548,0.012781520374119282,0.014653284102678299,0.012601814232766628,0.02211330458521843,0.04734037443995476,0.08635880053043365,0.33688947558403015
94.0,0.26997614403565723,0.06033003970514983,2.0333238041700397,0.04001162884136041,0.051882706582546234,1.9861730734507244,0.19861730734507244,0.07179238812790976,0.26997614403565723,0.04001162884136041,0.02416796340710587,0.0,0.14771948092513615,0.007179238812790978,0.02416796340710587,0.0,0.012511013075709343,0.012593927793204784,0.014421898871660233,0.012420494109392166,0.021781587973237038,0.04565359279513359,0.08034888654947281,0.28290891647338867
95.0,0.29178933633698356,0.07004958891775459,2.027295284497281,0.037455028750830226,0.047210965719487935,2.2716208034091525,0.22716208034091526,0.05716636093954245,0.29178933633698356,0.037455028750830226,0.021455588181399636,0.0,0.14104168696535957,0.005716636093954245,0.021455588181399636,0.0,0.013049709610641003,0.013158519752323627,0.014898184686899185,0.012856368906795979,0.022737188264727592,0.04771508648991585,0.08416154235601425,0.35182011127471924
96.0,0.2796645470791393,0.07302820158656687,1.921672498668602,0.0390349713464578,0.05091352740095721,2.106779780652788,0.2106779780652788,0.06657284415430492,0.2796645470791393,0.0390349713464578,0.023294310551136732,0.0,0.14543569253550637,0.006657284415430492,0.023294310551136732,0.0,0.013119491748511791,0.013236863538622856,0.01518935151398182,0.012961558997631073,0.022943954914808273,0.049366097897291183,0.09057699143886566,0.36683130264282227
97.0,0.2962450583775838,0.06347671686671674,1.993460439719399,0.04046366218891409,0.04650830518868235,2.218460202217102,0.2218460202217102,0.0669668320980337,0.2962450583775838,0.04046366218891409,0.027238688586900633,0.0,0.15754677851994833,0.00669668320980337,0.027238688586900633,0.0,0.012795334681868553,0.01287938468158245,0.014752542600035667,0.012658366933465004,0.022245721891522408,0.04666357487440109,0.0825837254524231,0.30323508381843567
98.0,0.24846238063441384,0.06613604095764458,1.7430722976056428,0.03897137277656131,0.05233485603498088,1.8130899204148188,0.18130899204148188,0.05705880932509899,0.24846238063441384,0.03897137277656131,0.02247613699485858,0.0,0.14491277850336498,0.005705880932509899,0.02247613699485858,0.0,0.012990348972380161,0.013115081004798412,0.014790712855756283,0.012781866826117039,0.02249656803905964,0.04642776772379875,0.08072308450937271,0.32576289772987366
99.0,0.24183702882793215,0.07687824184540659,1.6873817701854774,0.03887646603915426,0.055445756349298686,1.730292214287652,0.17302922142876523,0.061415798134273954,0.24183702882793215,0.03887646603915426,0.023789756724403963,0.0,0.14535205645693672,0.006141579813427395,0.023789756724403963,0.0,0.013185515068471432,0.013283789157867432,0.015240266919136047,0.013011997565627098,0.023019369691610336,0.050184499472379684,0.0915309339761734,0.3955695629119873
100.0,0.2432708748512798,0.06080255506094545,1.7443473998923242,0.04157932040592035,0.06125862792962127,1.7069042722384136,0.17069042722384134,0.06991625784171952,0.2432708748512798,0.04157932040592035,0.02400950202718377,0.0,0.14884411295255026,0.006991625784171953,0.02400950202718377,0.0,0.012873840518295765,0.012963715009391308,0.01484612561762333,0.012720349244773388,0.022462381049990654,0.046889908611774445,0.08260318636894226,0.28106093406677246
101.0,0.22902854118082258,0.07450673042330891,1.5586478394318786,0.03358991940816244,0.06625747390919262,1.6146797604031033,0.16146797604031032,0.06099118313027753,0.22902854118082258,0.03358991940816244,0.027871526596653793,0.0,0.15807731656564605,0.006099118313027754,0.027871526596653793,0.0,0.01291956938803196,0.013007392175495625,0.014919538050889969,0.012791935354471207,0.02259085141122341,0.04846213012933731,0.08361737430095673,0.38774505257606506
102.0,0.2403838319910897,0.06805186334531754,1.670804798983861,0.03980066296127108,0.0681587637712558,1.6602232919798956,0.16602232919798954,0.0647907354351547,0.2403838319910897,0.03980066296127108,0.028081761931793556,0.0,0.1591813796096378,0.006479073543515471,0.028081761931793556,0.0,0.012834071181714535,0.012925796210765839,0.014783266931772232,0.01274348609149456,0.022409601137042046,0.047407083213329315,0.07979686558246613,0.3415147364139557
103.0,0.2343028336763382,0.06226774223614484,1.6183390304299428,0.037499883936511144,0.06876342267625862,1.5939771268102858,0.1593977126810286,0.06334749422967434,0.2343028336763382,0.037499883936511144,0.031070476604832545,0.0,0.16422987025645044,0.006334749422967434,0.031070476604832545,0.0,0.012923115864396095,0.013019734993577003,0.014912997372448444,0.01280510425567627,0.02267303690314293,0.0472332127392292,0.08298130333423615,0.29159343242645264
104.0,0.23375498586230808,0.0687959804199636,1.8731866350063724,0.033872009772393435,0.06067856504685349,1.685838758945465,0.16858387589454651,0.06381378281447622,0.23375498586230808,0.033872009772393435,0.02491772035136819,0.0,0.14646313546432388,0.006381378281447623,0.02491772035136819,0.0,0.012778940610587597,0.012869548983871937,0.014721558429300785,0.012709763832390308,0.022175146266818047,0.04769577831029892,0.07949752360582352,0.3479195833206177
105.0,0.2413102231091923,0.0671618707710877,1.9433083820796062,0.04106863567398654,0.05821178543070952,1.6733401616414387,0.1673340161641439,0.06594140496518877,0.2413102231091923,0.04106863567398654,0.02631343251818584,0.0,0.15289607188767856,0.006594140496518876,0.02631343251818584,0.0,0.013050363399088383,0.013139641843736172,0.015067242085933685,0.012915720231831074,0.022975128144025803,0.048037510365247726,0.08470411598682404,0.32740524411201477
106.0,0.2483251707421409,0.07294272433500737,1.9162243136966073,0.03498075674805376,0.04855575867825084,1.8681559761365254,0.18681559761365257,0.059256131657295756,0.2483251707421409,0.03498075674805376,0.02060320047247741,0.0,0.1380132039388021,0.005925613165729576,0.02060320047247741,0.0,0.013466710224747658,0.01357102021574974,0.015368173830211163,0.01322861947119236,0.023671526461839676,0.04992194473743439,0.0877513438463211,0.36656245589256287
107.0,0.23962210946612889,0.06424702215008438,1.9180444572673454,0.04187629268401199,0.04397482921679815,1.734591994020674,0.17345919940206742,0.06338201194173759,0.23962210946612889,0.04187629268401199,0.017948413112511236,0.0,0.12811272963881493,0.00633820119417376,0.017948413112511236,0.0,0.013031353242695332,0.01312210038304329,0.015028963796794415,0.012890154495835304,0.022814013063907623,0.04779438674449921,0.08348725736141205,0.3058079481124878
108.0,0.23737992263502544,0.05906355264596641,1.964533904453944,0.03742773686018255,0.03794409065610833,1.7429848578241136,0.17429848578241136,0.06103162281215191,0.23737992263502544,0.03742773686018255,0.019550539553165436,0.0,0.13193553023868138,0.006103162281215191,0.019550539553165436,0.0,0.012744840234518051,0.012841876596212387,0.014644758775830269,0.012685230001807213,0.022153863683342934,0.046284157782793045,0.07575079053640366,0.27540290355682373
109.0,0.22888874842060936,0.07233229710254818,1.808326994601405,0.03603285468286938,0.04090601081649462,1.675025588936276,0.1675025588936276,0.06438198789126343,0.22888874842060936,0.03603285468286938,0.018915125919092033,0.0,0.13066566983858743,0.006438198789126343,0.018915125919092033,0.0,0.013699613511562347,0.013826536014676094,0.0157163068652153,0.013428839854896069,0.024084698408842087,0.05150825157761574,0.09243898093700409,0.35395514965057373
110.0,0.23592773576577505,0.06541094521526247,1.9281360466911674,0.04266783988310231,0.03806996283431848,1.669894728395674,0.16698947283956742,0.06511136930849817,0.23592773576577505,0.04266783988310231,0.019759283711512882,0.0,0.13291754573583603,0.006511136930849817,0.019759283711512882,0.0,0.01302360650151968,0.013111095875501633,0.014991695061326027,0.012898311018943787,0.022713765501976013,0.04793134331703186,0.08233270049095154,0.31628504395484924
111.0,0.22412500696049797,0.06395478523336351,1.7966298849038818,0.03712552703089184,0.038963618584805064,1.632351087199317,0.16323510871993172,0.06435938945247067,0.22412500696049797,0.03712552703089184,0.01732843470138808,0.0,0.12556413685282072,0.006435938945247067,0.01732843470138808,0.0,0.013240782544016838,0.013344818726181984,0.015286406502127647,0.013072971254587173,0.0232560858130455,0.048492249101400375,0.08485200256109238,0.3000929653644562
112.0,0.218185693025589,0.07078003417700529,1.8115527847961568,0.034111710265278816,0.03719875609709157,1.6014385090933905,0.16014385090933905,0.0602951989405685,0.218185693025589,0.034111710265278816,0.017900608169535797,0.0,0.12690560354126823,0.00602951989405685,0.017900608169535797,0.0,0.013002711348235607,0.013127312995493412,0.014965804293751717,0.012907478958368301,0.022588232532143593,0.04834665730595589,0.0777735561132431,0.3635285198688507
113.0,0.22173693610562217,0.08235455607064068,1.8424623647073237,0.04104250772959656,0.038177278720670275,1.5722331272231207,0.15722331272231208,0.07157934912376934,0.22173693610562217,0.04104250772959656,0.016313173497716587,0.0,0.12160033981005351,0.007157934912376933,0.016313173497716587,0.0,0.01348876953125,0.013606813736259937,0.015573837794363499,0.01332520879805088,0.02358914352953434,0.05131664127111435,0.08962398022413254,0.4383120536804199
114.0,0.2223506048321724,0.06553483090829104,1.9119233692819948,0.04147168041931258,0.03665827359590265,1.5768850843111675,0.15768850843111676,0.059136333150996104,0.2223506048321724,0.04147168041931258,0.017276783680750266,0.0,0.1251452478269736,0.005913633315099611,0.017276783680750266,0.0,0.013352897949516773,0.013469664379954338,0.015252982266247272,0.013189264573156834,0.02336055599153042,0.04822688549757004,0.08046728372573853,0.31695911288261414
115.0,0.22060754977994496,0.06021084915846586,1.8650395280722212,0.04230966688030296,0.03795946741269694,1.5631398227479723,0.15631398227479723,0.055850810992221035,0.22060754977994496,0.04230966688030296,0.01639881323919528,0.0,0.12259772544105847,0.005585081099222104,0.01639881323919528,0.0,0.013018246740102768,0.013120019808411598,0.014967204071581364,0.012925825081765652,0.022661564871668816,0.04734478518366814,0.0779065191745758,0.27974262833595276
116.0,0.21801120125585133,0.06917961617000401,1.846588355861799,0.03677117100192441,0.036990155983302325,1.56831560532252,0.156831560532252,0.06237929272982809,0.21801120125585133,0.03677117100192441,0.01817054348066449,0.0,0.12741980246371692,0.00623792927298281,0.01817054348066449,0.0,0.01328690629452467,0.013384120538830757,0.01531125046312809,0.013127281330525875,0.023311015218496323,0.04910951107740402,0.08588246256113052,0.3400243818759918
117.0,0.2124862546722094,0.06969054823275656,1.7656201533507414,0.03621998532778687,0.03730433599816428,1.5446744097603693,0.1544674409760369,0.060909425425860614,0.2124862546722094,0.03621998532778687,0.01570788010333975,0.0,0.11952561885118484,0.006090942542586062,0.01570788010333975,0.0,0.013570626266300678,0.01369386538863182,0.0154557591304183,0.01332679484039545,0.023764511570334435,0.04953471198678017,0.08424659073352814,0.34393152594566345
118.0,0.21011603126923242,0.0567567398538813,1.8176038423112955,0.04222431551251146,0.03598578895131747,1.4526429772377014,0.14526429772377014,0.05594114162441757,0.21011603126923242,0.04222431551251146,0.017033301914731663,0.0,0.12291501255498992,0.005594114162441758,0.017033301914731663,0.0,0.012946036644279957,0.013057800009846687,0.014868371188640594,0.012899335473775864,0.0225246362388134,0.04678374156355858,0.07514049112796783,0.2558335065841675
119.0,0.2096817609336641,0.07143786735832691,1.8104243133629108,0.037323390858040914,0.03711280309491687,1.4963217973709106,0.1496321797370911,0.06814533720413844,0.2096817609336641,0.037323390858040914,0.015911654543338552,0.0,0.11973286958204375,0.006814533720413843,0.015911654543338552,0.0,0.013494775630533695,0.01361212506890297,0.015596759505569935,0.01333349198102951,0.02368328534066677,0.0505976676940918,0.08907507359981537,0.35210976004600525
120.0,0.21196901467111376,0.06700552732218057,1.9223287601109054,0.03544029862516456,0.03656726102862093,1.5278095073170133,0.15278095073170134,0.06719520667360888,0.21196901467111376,0.03544029862516456,0.017028243927698996,0.0,0.12438435521390703,0.006719520667360888,0.017028243927698996,0.0,0.01301101129502058,0.01315478328615427,0.014949128031730652,0.01296436507254839,0.02250514179468155,0.048021890223026276,0.07578745484352112,0.3356504440307617
121.0,0.21832402050495148,0.05729024903848767,1.8693272264570335,0.04309231084254053,0.03716581232017941,1.5337131950590346,0.1533713195059035,0.05903076628843943,0.21832402050495148,0.04309231084254053,0.015957305130238335,0.0,0.12051986364854707,0.005903076628843943,0.015957305130238335,0.0,0.013094170950353146,0.013223228044807911,0.015021697618067265,0.01304700318723917,0.022819051519036293,0.046814028173685074,0.07563197612762451,0.258670836687088
122.0,0.21003561053011152,0.08929100807290524,1.8423129950743116,0.0330777782946825,0.036029585326711334,1.5293827388021681,0.15293827388021683,0.06281029536492294,0.21003561053011152,0.0330777782946825,0.01773852275477515,0.0,0.1261855765349335,0.006281029536492295,0.01773852275477515,0.0,0.013752979226410389,0.013889102265238762,0.01588456891477108,0.013539699837565422,0.02412712201476097,0.05293576046824455,0.09231040626764297,0.4878884255886078
123.0,0.22109854966402054,0.07145135942846537,1.8444202727812804,0.04561280355685287,0.036272615608241826,1.528791560067071,0.1528791560067071,0.07366865769856507,0.22109854966402054,0.04561280355685287,0.015239727165963914,0.0,0.11777535950144132,0.007366865769856506,0.015239727165963914,0.0,0.013301602564752102,0.013420980423688889,0.015308331698179245,0.013202288188040257,0.023261956870555878,0.04918093979358673,0.0810864046216011,0.3628483712673187
124.0,0.20580499205324385,0.05003642209339887,1.84953484557756,0.03819549766679605,0.03556747403409746,1.443400628036923,0.1443400628036923,0.054063699311680265,0.20580499205324385,0.03819549766679605,0.017863066918734048,0.0,0.1257243947022491,0.0054063699311680275,0.017863066918734048,0.0,0.013028716668486595,0.013147519901394844,0.014912791550159454,0.013038855977356434,0.022626139223575592,0.04633067920804024,0.07257682085037231,0.20462985336780548
125.0,0.20629273189438713,0.0673827804857865,1.79166661825142,0.039320396880308785,0.03609535387820668,1.4634181790881686,0.14634181790881684,0.0565276091090507,0.20629273189438713,0.039320396880308785,0.014977749540574022,0.0,0.11666237687071164,0.00565276091090507,0.014977749540574022,0.0,0.01327625010162592,0.013401600532233715,0.015287406742572784,0.013184147886931896,0.023182792589068413,0.048908211290836334,0.0812397226691246,0.3305821120738983
126.0,0.20454178005456924,0.06377245206385851,1.860399954921599,0.035614429455664426,0.0357966563767857,1.4592207603984408,0.14592207603984408,0.06463988580637509,0.20454178005456924,0.035614429455664426,0.016541282284177013,0.0,0.12256513784329097,0.006463988580637509,0.016541282284177013,0.0,0.013143244199454784,0.013276913203299046,0.015118412673473358,0.013082202523946762,0.022899940609931946,0.04811129719018936,0.07790414988994598,0.30664345622062683
127.0,0.20189495467477375,0.05399698030669242,1.88297242769199,0.0357332970533106,0.03550286156435808,1.4607609113057454,0.14607609113057454,0.057235078886151314,0.20189495467477375,0.0357332970533106,0.014362059197285108,0.0,0.11453850443164508,0.005723507888615132,0.014362059197285108,0.0,0.013175549916923046,0.013270651921629906,0.015050719492137432,0.013143557123839855,0.0229447390884161,0.046982210129499435,0.07408372312784195,0.23332469165325165
128.0,0.20557878414789835,0.06848590192385018,1.8794140556384447,0.03832891003953086,0.03512251294321484,1.450962954097324,0.14509629540973243,0.058662393130362034,0.20557878414789835,0.03832891003953086,0.016287342955668766,0.0,0.1213320828974247,0.005866239313036203,0.016287342955668766,0.0,0.013417852111160755,0.013546394184231758,0.015468541532754898,0.013299456797540188,0.023483235388994217,0.04982801154255867,0.08494765311479568,0.33389607071876526
129.0,0.20232410646147198,0.05378690385259688,1.8443687900111894,0.037535873552163444,0.03494954129887952,1.4422972864574857,0.14422972864574857,0.06592585456868012,0.20232410646147198,0.037535873552163444,0.013965915681587325,0.0,0.11295992798275417,0.006592585456868012,0.013965915681587325,0.0,0.013216889463365078,0.013311569578945637,0.015182096511125565,0.013143343850970268,0.02304941788315773,0.047496095299720764,0.07631038129329681,0.22858543694019318
130.0,0.19740101281139585,0.06979250139556825,1.764769446547769,0.03456904056171576,0.03475864314370685,1.4025959836112127,0.14025959836112128,0.06054536532610655,0.19740101281139585,0.03456904056171576,0.016517834634416632,0.0,0.12219981145527628,0.006054536532610655,0.016517834634416632,0.0,0.013363263569772243,0.013508329167962074,0.015388745814561844,0.013256519101560116,0.0233475212007761,0.04965471476316452,0.08307494968175888,0.34674596786499023
131.0,0.19960564292139477,0.05752915737684816,1.7742575032980439,0.03652467682129807,0.034586381167173386,1.4268202417426639,0.14268202417426643,0.0650522205978632,0.19960564292139477,0.03652467682129807,0.01389372002126442,0.0,0.11245163198974398,0.006505222059786321,0.01389372002126442,0.0,0.013265696354210377,0.013380921445786953,0.01525827031582594,0.013175483793020248,0.0231727696955204,0.04808107390999794,0.07784806936979294,0.2560509741306305
132.0,0.19011432180802026,0.06124333734624088,1.793256446224026,0.03311837505963114,0.03452539588842127,1.3476512299643622,0.13476512299643623,0.05728088402085834,0.19011432180802026,0.03311837505963114,0.016502728608126443,0.0,0.1210118287967311,0.005728088402085834,0.016502728608126443,0.0,0.013024895451962948,0.013215627521276474,0.01497642695903778,0.013045213185250759,0.022498782724142075,0.04736660420894623,0.07617159932851791,0.28964754939079285
133.0,0.20190701302554873,0.07134171458892524,1.6881641028629983,0.044016003194782466,0.03451128200524383,1.3760844866434734,0.13760844866434732,0.06428345313502683,0.20190701302554873,0.044016003194782466,0.01385421838818325,0.0,0.11219727330737644,0.006428345313502682,0.01385421838818325,0.0,0.013434670865535736,0.013593535870313644,0.015476020984351635,0.013329681940376759,0.023478170856833458,0.05004135146737099,0.08308243006467819,0.35829785466194153
134.0,0.18796773668792513,0.06374458956997842,1.797908432905178,0.03457342315879133,0.03435388021171093,1.3158843119939168,0.13158843119939168,0.06164362819658385,0.18796773668792513,0.03457342315879133,0.015641516462589305,0.0,0.11907918213142289,0.006164362819658386,0.015641516462589305,0.0,0.013518515974283218,0.013619713485240936,0.015507111325860023,0.013370136730372906,0.023767242208123207,0.04940635338425636,0.08181914687156677,0.2989484965801239
135.0,0.19704403479894003,0.05830594780854881,1.822878945199129,0.03929579340749317,0.034226384634772934,1.3808777795897589,0.1380877779589759,0.06155632860544655,0.19704403479894003,0.03929579340749317,0.013504831560163034,0.0,0.11099449545145035,0.006155632860544655,0.013504831560163034,0.0,0.013149826787412167,0.013299734331667423,0.015111034736037254,0.013135429471731186,0.02284945175051689,0.04758071154356003,0.0759444385766983,0.2653769552707672
136.0,0.19891302949852413,0.06028030999004841,1.8780247173165014,0.03719946162568198,0.034400413226750165,1.400102886888716,0.1400102886888716,0.05997256934642792,0.19891302949852413,0.03719946162568198,0.015706018881044455,0.0,0.11962193954322073,0.005997256934642792,0.015706018881044455,0.0,0.013279780745506287,0.013424056582152843,0.015290526673197746,0.013224313966929913,0.023243121802806854,0.048270877450704575,0.07780905067920685,0.2777007520198822
137.0,0.1917987283733156,0.06577975593972951,1.8667539069489305,0.03127109487023619,0.03411244414746761,1.409756236606174,0.14097562366061742,0.06411586991614765,0.1917987283733156,0.03127109487023619,0.013140426508875357,0.0,0.10981436984406577,0.006411586991614766,0.013140426508875357,0.0,0.013245861977338791,0.013422627002000809,0.015247487463057041,0.013262458145618439,0.02296474575996399,0.04847920686006546,0.07748530805110931,0.32213035225868225
138.0,0.20123790287309223,0.07174261682666838,1.8747088322740835,0.04000998350481192,0.034049596844447985,1.3850134279992845,0.13850134279992848,0.06459992503126462,0.20123790287309223,0.04000998350481192,0.016266581473044224,0.0,0.12098106203807725,0.006459992503126463,0.016266581473044224,0.0,0.013556565158069134,0.013698173686861992,0.015632281079888344,0.013467545621097088,0.023806314915418625,0.050087712705135345,0.08424924314022064,0.3594430983066559
139.0,0.19605762594276005,0.06562984129413962,1.8391703578543779,0.036297265647186175,0.03370274603366852,1.3978134327464633,0.13978134327464634,0.06782074934906429,0.19605762594276005,0.036297265647186175,0.013196939214443168,0.0,0.10995537084009913,0.00678207493490643,0.013196939214443168,0.0,0.013273162767291069,0.013451194390654564,0.015274448320269585,0.013283349573612213,0.023004578426480293,0.04838762432336807,0.07718608528375626,0.32117828726768494
140.0,0.19558416803677878,0.06711439765058458,1.8617659737690841,0.03886491391393873,0.03378636120922036,1.3451571928130255,0.13451571928130257,0.061960671510961324,0.19558416803677878,0.03886491391393873,0.016007461404013965,0.0,0.11984723144107395,0.006196067151096132,0.016007461404013965,0.0,0.013427143916487694,0.013581125997006893,0.01547247264534235,0.013353340327739716,0.02352539822459221,0.049148645251989365,0.0803174301981926,0.3280896246433258
141.0,0.18900809933741888,0.06414214009419084,1.8289062766314446,0.03398612514138222,0.03312399031387435,1.3598415089978113,0.1359841508997811,0.06411674039231406,0.18900809933741888,0.03398612514138222,0.012626148863799043,0.0,0.10754643008112907,0.006411674039231406,0.012626148863799043,0.0,0.013226005248725414,0.013421419076621532,0.015210687182843685,0.013250074349343777,0.022878367453813553,0.04824584349989891,0.07776860147714615,0.30913612246513367
142.0,0.1937326333589024,0.06921616953331977,1.8127883747047022,0.041622641392880015,0.03330250270664692,1.3049780130386353,0.13049780130386351,0.062290821224451065,0.1937326333589024,0.041622641392880015,0.015383107406604622,0.0,0.1174740998281373,0.006229082122445107,0.015383107406604622,0.0,0.013436328619718552,0.013611027970910072,0.015474634245038033,0.01334818173199892,0.023486807942390442,0.049507077783346176,0.08069094270467758,0.3441743552684784
143.0,0.1881724695364634,0.05692945630289614,1.8341278129348615,0.03575859736237261,0.03278144138554732,1.3405163221889072,0.13405163221889074,0.05883872715963258,0.1881724695364634,0.03575859736237261,0.012478366364828415,0.0,0.10686374000377125,0.005883872715963258,0.012478366364828415,0.0,0.013444129377603531,0.013561216183006763,0.015339304693043232,0.013383829966187477,0.023413171991705894,0.048107247799634933,0.07492995262145996,0.25325679779052734
144.0,0.18662405262390772,0.055641436600126326,1.857823469088209,0.038812086193097964,0.03308427499400245,1.2721413771311443,0.12721413771311443,0.05528847821470764,0.18662405262390772,0.038812086193097964,0.015068979442326559,0.0,0.11625003359384006,0.005528847821470765,0.015068979442326559,0.0,0.013138892129063606,0.013302578590810299,0.01508458610624075,0.013150920160114765,0.022714033722877502,0.04743628203868866,0.0762837827205658,0.24402041733264923
145.0,0.18942596680588192,0.05883630376774818,1.7732336564410898,0.0382038497676452,0.03275340195331308,1.3239370120896234,0.13239370120896232,0.06260534500082333,0.18942596680588192,0.0382038497676452,0.01256788483199974,0.0,0.1067537557747629,0.006260534500082333,0.01256788483199974,0.0,0.013487192802131176,0.013641618192195892,0.015529613941907883,0.01338132843375206,0.023588405922055244,0.04944106563925743,0.08039896190166473,0.261222243309021
146.0,0.1826436354054345,0.06358253362122923,1.8374496448464035,0.03441237554781967,0.03272146524654494,1.2755034565925598,0.127550345659256,0.061417821070386305,0.1826436354054345,0.03441237554781967,0.014539130057932602,0.0,0.11461389023396704,0.006141782107038631,0.014539130057932602,0.0,0.013254846446216106,0.013453740626573563,0.015242458321154118,0.01324899960309267,0.022948965430259705,0.04822418838739395,0.07742919027805328,0.30485787987709045
147.0,0.18945674349864325,0.0712253013625741,1.8279478298483143,0.03771007081700696,0.032926736399531364,1.3269434571266174,0.13269434571266175,0.06838630305396186,0.18945674349864325,0.03771007081700696,0.012213687541791134,0.0,0.10549664580159718,0.006838630305396187,0.012213687541791134,0.0,0.013693036511540413,0.013865006156265736,0.01579214446246624,0.013568022288382053,0.02392498590052128,0.05116109549999237,0.08561385422945023,0.3521842658519745
148.0,0.1895246994164255,0.06547496118582785,1.9462472415706995,0.036790382117033005,0.03228469296462006,1.3197978734970093,0.13197978734970092,0.06554325069818231,0.1895246994164255,0.036790382117033005,0.01420020609576669,0.0,0.11351581538716952,0.006554325069818232,0.01420020609576669,0.0,0.013300850987434387,0.01351051777601242,0.015302046202123165,0.013285438530147076,0.02300809696316719,0.048431020230054855,0.07750636339187622,0.3194553554058075
149.0,0.1879229802224371,0.06749361730180681,1.8575609329673217,0.03805747379859289,0.032163283270266324,1.3137524392869737,0.13137524392869737,0.06604465490414037,0.1879229802224371,0.03805747379859289,0.011885791577191817,0.0,0.10448118837343322,0.006604465490414037,0.011885791577191817,0.0,0.01353493519127369,0.013728723861277103,0.015599737875163555,0.013440443202853203,0.023602640256285667,0.04989000782370567,0.08116684854030609,0.3289856016635895
150.0,0.18479327609141669,0.06878869724459946,1.9174958333281888,0.03409172366890642,0.03215554584231642,1.3047159314155579,0.1304715931415558,0.06287492108013895,0.18479327609141669,0.03409172366890642,0.013942462987163,0.0,0.11220214391748111,0.006287492108013894,0.013942462987163,0.0,0.013402555137872696,0.013618525117635727,0.015430586412549019,0.013344159349799156,0.023195335641503334,0.04908251762390137,0.07838442176580429,0.3438514769077301
151.0,0.18155623061789405,0.06549592909868807,1.8104390020141308,0.03634416022234493,0.031686454390486084,1.2740084330240886,0.12740084330240886,0.06322823319998053,0.18155623061789405,0.03634416022234493,0.011488396752004823,0.0,0.10291738559802373,0.006322823319998052,0.011488396752004823,0.0,0.013465515337884426,0.01364742312580347,0.015484064817428589,0.013401544652879238,0.02352277562022209,0.048903368413448334,0.0780353844165802,0.3175073564052582
152.0,0.17604821340905297,0.07044366293121129,1.8281299882083895,0.03220438915822241,0.03168857221802076,1.2461230291260614,0.12461230291260612,0.06003094112707509,0.17604821340905297,0.03220438915822241,0.013228423686491119,0.0,0.11004180875089434,0.00600309411270751,0.013228423686491119,0.0,0.013433265499770641,0.01365680992603302,0.015470901504158974,0.013452975079417229,0.023232972249388695,0.04932542145252228,0.08012973517179489,0.3548472225666046
153.0,0.18200074632962546,0.08304191729985178,1.7971590904177432,0.03984000761475828,0.03142879199650553,1.2386599779129028,0.1238659977912903,0.07119650352332327,0.18200074632962546,0.03984000761475828,0.011175086152636342,0.0,0.10120007437136438,0.007119650352332327,0.011175086152636342,0.0,0.013874108903110027,0.014048988930881023,0.015992507338523865,0.013727879151701927,0.024195032194256783,0.052414342761039734,0.08601783215999603,0.4440646469593048
154.0,0.18716660804218715,0.05395641748327762,1.9409154412368979,0.04187925159931183,0.03129245465000471,1.26458736260732,0.126458736260732,0.06456427069173919,0.18716660804218715,0.04187925159931183,0.012372189330764942,0.0,0.10682785345448388,0.006456427069173919,0.012372189330764942,0.0,0.013530464842915535,0.013672539964318275,0.015527093783020973,0.013453573919832706,0.02362595684826374,0.04848124831914902,0.07684075832366943,0.22651970386505127
155.0,0.17631765537791783,0.06123021407984197,1.8725957505489248,0.0360360499471426,0.031313718813988894,1.2305873698658414,0.12305873698658415,0.062414801886512175,0.17631765537791783,0.0360360499471426,0.01098138463890387,0.0,0.1007198943860001,0.006241480188651218,0.01098138463890387,0.0,0.013355441391468048,0.01354986522346735,0.015367096289992332,0.013341297395527363,0.023149674758315086,0.04840492084622383,0.07807241380214691,0.28460100293159485
156.0,0.1772152516576979,0.05845338245853782,1.8652335400199034,0.03428018010324902,0.03124479970170392,1.244050833914015,0.12440508339140151,0.060524904686543674,0.1772152516576979,0.03428018010324902,0.012477491930541065,0.0,0.10671980720427302,0.0060524904686543686,0.012477491930541065,0.0,0.013524209149181843,0.013685853220522404,0.01555568352341652,0.01343371719121933,0.023643193766474724,0.049050647765398026,0.07847102731466293,0.26026272773742676
157.0,0.17337960004806519,0.06337748863734305,1.7910121700516162,0.03612095738450686,0.030634750094678666,1.2046534915765126,0.12046534915765125,0.06257475881526868,0.17337960004806519,0.03612095738450686,0.010535817981387178,0.0,0.0985586436258422,0.006257475881526867,0.010535817981387178,0.0,0.013356011360883713,0.01357229333370924,0.01536580454558134,0.013363158330321312,0.02315131016075611,0.04849249869585037,0.0783047303557396,0.3014141023159027
