epoch,train_loss,val_window_mae_kwh,grad_norm,w_state,loss,w_window,l_window,l_state
0.0,2.2910993173718452,,6.464866814545471,1.9768087536096575,2.2910993173718452,0.3142905165441334,0.3142905165441334,19.768087536096573
1.0,2.0790352299809456,,6.452585831681126,1.9428299516439438,2.0790352299809456,0.13620523852296174,0.13620523852296174,19.428299516439438
2.0,2.071205537766218,,7.300988114306781,1.8309753566980365,2.071205537766218,0.24023013468831778,0.24023013468831778,18.309753566980362
3.0,1.8489601127803326,,6.662034284107678,1.6618305116891863,1.8489601127803326,0.18712958856485784,0.18712958856485784,16.61830511689186
4.0,1.6395144797861576,,6.170936517625467,1.5621224105358125,1.6395144797861576,0.0773920661304146,0.0773920661304146,15.621224105358124
5.0,1.5857446156442165,,6.887625209053638,1.4873928666114808,1.5857446156442165,0.09835172491148114,0.09835172491148114,14.873928666114807
6.0,1.5243621468544006,,7.099344415657045,1.4152868300676347,1.5243621468544006,0.10907528037205338,0.10907528037205338,14.152868300676346
7.0,1.4738271869719028,,8.174835401066858,1.3539815694093704,1.4738271869719028,0.11984559125266969,0.11984559125266969,13.539815694093704
8.0,1.4896449483931065,,9.017450062458387,1.3110951781272888,1.4896449483931065,0.17854973301291466,0.17854973301291466,13.110951781272888
9.0,1.5434202253818512,,8.469251212494841,1.2931487143039704,1.5434202253818512,0.2502715012524277,0.2502715012524277,12.931487143039703
10.0,1.3961934316903353,,6.839073436948286,1.2660746186971665,1.3961934316903353,0.13011876866221428,0.13011876866221428,12.660746186971664
11.0,1.445166826248169,,6.559980399993661,1.2383970737457275,1.445166826248169,0.20676972693763673,0.20676972693763673,12.383970737457275
12.0,1.2752929106354713,,6.356883213575819,1.192923328280449,1.2752929106354713,0.08236955851316452,0.08236955851316452,11.92923328280449
13.0,1.2334888130426407,,6.290350077230437,1.159205511212349,1.2334888130426407,0.07428327761590481,0.07428327761590481,11.59205511212349
14.0,1.184727419167757,,6.736847517848618,1.106269708275795,1.184727419167757,0.07845770055428147,0.07845770055428147,11.06269708275795
15.0,1.1801789961755276,,6.676245588236281,1.08383986055851,1.1801789961755276,0.09633909864351153,0.09633909864351153,10.838398605585098
16.0,1.1374435313045979,,6.927060205501521,1.0295631140470505,1.1374435313045979,0.1078803965356201,0.1078803965356201,10.295631140470505
17.0,1.194648452103138,,7.196939417755908,0.9975349739193916,1.194648452103138,0.19711345992982388,0.19711345992982388,9.975349739193916
18.0,1.0781629495322704,,6.679095971877144,0.9427023902535439,1.0781629495322704,0.13546053995378315,0.13546053995378315,9.427023902535439
19.0,0.9823415894061327,,6.461689401113181,0.8934990748763085,0.9823415894061327,0.08884250582195818,0.08884250582195818,8.934990748763084
20.0,1.0134380050003529,,6.645795745549538,0.8492667555809021,1.0134380050003529,0.1641712300479412,0.1641712300479412,8.492667555809021
21.0,0.8881950750946999,,6.224094966896944,0.8120303943753243,0.8881950750946999,0.07616466074250638,0.07616466074250638,8.120303943753242
22.0,0.8785345871001482,,6.167653920562518,0.7821885466575623,0.8785345871001482,0.09634603327140212,0.09634603327140212,7.821885466575623
23.0,0.9310173615813255,,7.010114250273515,0.7949573948979378,0.9310173615813255,0.1360599414911121,0.1360599414911121,7.949573948979378
24.0,0.8537983410060406,,6.250657307601298,0.7252947449684144,0.8537983410060406,0.12850358546711504,0.12850358546711504,7.252947449684143
25.0,0.7449075095355511,,6.023773548629855,0.6719056591391563,0.7449075095355511,0.07300183619372547,0.07300183619372547,6.719056591391563
26.0,0.7029453441500664,,6.209933870923949,0.6142729312181474,0.7029453441500664,0.08867240301333368,0.08867240301333368,6.142729312181473
27.0,0.6546466704457998,,6.158370531606228,0.5764132633805275,0.6546466704457998,0.07823340292088687,0.07823340292088687,5.764132633805275
28.0,0.6587645746767521,,6.191694712076146,0.5306294351816179,0.6587645746767521,0.12813512817956507,0.12813512817956507,5.306294351816177
29.0,0.5897644720971584,,6.198811154635868,0.5022085413336754,0.5897644720971584,0.0875559279229492,0.0875559279229492,5.022085413336754
30.0,0.5637010093778372,,6.092205481335802,0.4774999827146531,0.5637010093778372,0.08620101818814874,0.08620101818814874,4.77499982714653
31.0,0.5351270362734795,,5.949857441758122,0.4667100623250008,0.5351270362734795,0.06841696333140135,0.06841696333140135,4.667100623250008
32.0,0.5273438934236765,,5.792100633408557,0.4553710997104645,0.5273438934236765,0.07197277760133147,0.07197277760133147,4.553710997104645
33.0,0.48474942706525326,,5.938600530885633,0.4073626399040222,0.48474942706525326,0.07738677971065044,0.07738677971065044,4.073626399040222
34.0,0.4710399145260453,,5.822976357419579,0.37917404100298885,0.4710399145260453,0.09186587482690811,0.09186587482690811,3.791740410029888
35.0,0.4847294334322214,,6.084015816213469,0.367199382185936,0.4847294334322214,0.11753005813807249,0.11753005813807249,3.6719938218593597
36.0,0.43829197343438864,,5.930497517803745,0.34658450037240984,0.43829197343438864,0.09170746873132885,0.09170746873132885,3.465845003724098
37.0,0.483172039501369,,6.044228064660187,0.3463078241795302,0.483172039501369,0.13686420512385666,0.13686420512385666,3.4630782417953014
38.0,0.4041705718263984,,5.788228202643424,0.333086246624589,0.4041705718263984,0.07108432450331748,0.07108432450331748,3.3308624662458897
39.0,0.4074149075895548,,5.921996379321346,0.3246499363332987,0.4074149075895548,0.08276497083716094,0.08276497083716094,3.246499363332987
40.0,0.403571471106261,,5.765851695503656,0.3282871969044209,0.403571471106261,0.07528426870703697,0.07528426870703697,3.2828719690442085
41.0,0.4974908884614706,,5.997476954399938,0.3469232510775328,0.4974908884614706,0.15056762215681374,0.15056762215681374,3.4692325107753277
42.0,0.39586293138563633,,5.745815395463933,0.3241371512413025,0.39586293138563633,0.07172577176243067,0.07172577176243067,3.241371512413025
43.0,0.40083789080381393,,5.551537534183954,0.32417415603995325,0.40083789080381393,0.07666372787207365,0.07666372787207365,3.2417415603995323
44.0,0.39184395875781775,,5.767396018256566,0.3140183083713055,0.39184395875781775,0.07782564661465585,0.07782564661465585,3.1401830837130547
45.0,0.41790717747062445,,5.943459890154639,0.30192268230021,0.41790717747062445,0.11598448688164353,0.11598448688164353,3.0192268230021
46.0,0.38362373784184456,,5.68804490170056,0.317776807397604,0.38362373784184456,0.06584692560136318,0.06584692560136318,3.17776807397604
47.0,0.39045103173702955,,5.704788873667599,0.30520019903779033,0.39045103173702955,0.08525083074346185,0.08525083074346185,3.052001990377903
48.0,0.3671445595100522,,5.826939378529877,0.29348693341016774,0.3671445595100522,0.07365762442350388,0.07365762442350388,2.934869334101677
49.0,0.39919446874409914,,5.997764993261567,0.31693762093782424,0.39919446874409914,0.08225683961063623,0.08225683961063623,3.1693762093782425
50.0,0.36452479660511017,,5.729981222735441,0.2969462372362614,0.36452479660511017,0.06757855322211981,0.06757855322211981,2.9694623723626137
51.0,0.37991669587790966,,5.735403253758804,0.2867607410997152,0.37991669587790966,0.09315594797953963,0.09315594797953963,2.8676074109971523
52.0,0.4440507208928466,,5.913699898803211,0.30737708993256097,0.4440507208928466,0.13667361997067928,0.13667361997067928,3.073770899325609
53.0,0.3566881390288472,,5.650823536288495,0.28167472369968893,0.3566881390288472,0.07501340960152447,0.07501340960152447,2.816747236996889
54.0,0.3729612776078284,,5.760759498078418,0.2859277669340372,0.3729612776078284,0.08703351486474276,0.08703351486474276,2.859277669340372
55.0,0.374814092181623,,5.580982831514717,0.30446990244090555,0.374814092181623,0.07034418359398842,0.07034418359398842,3.0446990244090557
56.0,0.38992893043905497,,5.765741942750207,0.2773297417908907,0.38992893043905497,0.11259918473660946,0.11259918473660946,2.773297417908907
57.0,0.37128280382603407,,5.647033324527621,0.28721451088786126,0.37128280382603407,0.08406828995794058,0.08406828995794058,2.8721451088786125
58.0,0.41679471591487527,,5.698193540208582,0.2999718692153692,0.41679471591487527,0.11682283948175609,0.11682283948175609,2.9997186921536922
59.0,0.34716196171939373,,5.569182118197904,0.2805873453617096,0.34716196171939373,0.06657461426220834,0.06657461426220834,2.805873453617096
60.0,0.4210007069632411,,5.98796313958924,0.2895217273384333,0.4210007069632411,0.13147898158058524,0.13147898158058524,2.8952172733843327
61.0,0.33836349844932556,,5.515081524708188,0.2775403242558241,0.33836349844932556,0.06082317233085632,0.06082317233085632,2.775403242558241
62.0,0.3532111174426973,,5.63140860569743,0.2665197625756264,0.3532111174426973,0.08669135207310319,0.08669135207310319,2.6651976257562637
63.0,0.3492433447390795,,5.709382445192504,0.27139483019709587,0.3492433447390795,0.0778485108166933,0.0778485108166933,2.7139483019709587
64.0,0.3782566273584962,,5.77341123567505,0.2726188104599715,0.3782566273584962,0.10563781461678445,0.10563781461678445,2.7261881045997143
65.0,0.32285779621452093,,5.52524751437274,0.2599675610661507,0.32285779621452093,0.06289023265708238,0.06289023265708238,2.5996756106615067
