epoch,train_loss,val_window_mae_kwh,grad_norm,l_state,w_state,loss,l_window,w_window,val_mae_soc_event_0.1,val_mae_soc_event_0.2,val_mae_soc_event_0.5,val_mae_time_60s,val_mae_time_120s,val_mae_time_300s,val_mae_time_600s,val_mae_full_trip
0.0,2.0554016553438625,0.23207467328757048,5.448436403636842,17.993904957404503,1.7993904957404505,2.0554016553438625,0.2560111003426405,0.2560111003426405,0.02623084746301174,0.026630491018295288,0.030845174565911293,0.02257711812853813,0.043677326291799545,0.10120031237602234,0.17761841416358948,1.427817702293396
1.0,1.8773447229312017,0.26097793551161885,5.923186229522662,17.7242017525893,1.7724201752589297,1.8773447229312017,0.10492454153987077,0.10492454153987077,0.025226369500160217,0.026207955554127693,0.02961946651339531,0.02588632144033909,0.045972343534231186,0.10633406043052673,0.191287562251091,1.6372894048690796
2.0,1.8126665674723113,0.23910108348354697,6.042604948954679,16.958794263693,1.6958794263693,1.8126665674723113,0.11678710751808606,0.11678710751808606,0.0250430665910244,0.025936316698789597,0.02986864373087883,0.0219256691634655,0.042922426015138626,0.10086355358362198,0.18296118080615997,1.4832878112792969
3.0,1.6644375049150908,0.22781641245819628,5.837892134334423,15.510350484114428,1.5510350484114428,1.6644375049150908,0.11340242710251075,0.11340242710251075,0.026863660663366318,0.028273168951272964,0.03137125074863434,0.026989271864295006,0.04833825305104256,0.10925581306219101,0.18623924255371094,1.3652006387710571
4.0,1.599380584863516,0.3196826500352472,6.972190376578912,14.592479852529673,1.4592479852529672,1.599380584863516,0.1401325618991485,0.1401325618991485,0.030451489612460136,0.03130992501974106,0.036050599068403244,0.02641729637980461,0.052240774035453796,0.12755157053470612,0.23227059841156006,2.0211689472198486
5.0,1.5385483090694134,0.15744473366066813,5.969772669271456,13.905071331904484,1.3905071331904488,1.5385483090694134,0.148041138282189,0.148041138282189,0.021262813359498978,0.022606441751122475,0.02524116449058056,0.019373271614313126,0.035568516701459885,0.080809086561203,0.13755817711353302,0.917138397693634
6.0,1.4346231176302984,0.17102873581461608,5.528470741156829,13.413005425379826,1.3413005425379827,1.4346231176302984,0.09332253554692635,0.09332253554692635,0.020307235419750214,0.021362842991948128,0.02368338219821453,0.021014953032135963,0.035489361733198166,0.07869743555784225,0.13261915743350983,1.0350555181503296
7.0,1.3830584562741792,0.33093057689256966,6.044873252541139,12.915081170889048,1.2915081170889047,1.3830584562741792,0.09155030720509015,0.09155030720509015,0.02872430346906185,0.03043447993695736,0.0348215252161026,0.025254780426621437,0.050783995538949966,0.12785278260707855,0.2430473268032074,2.106525421142578
8.0,1.3614059961759126,0.15536193130537868,6.758562537721823,12.353612606342022,1.2353612606342022,1.3614059961759126,0.1260447229903478,0.1260447229903478,0.01928131841123104,0.02045821212232113,0.02322818711400032,0.01888951286673546,0.03360652178525925,0.07577724009752274,0.12685811519622803,0.9247963428497314
9.0,1.2932782906752367,0.16974457446485758,6.495662434407749,11.987782771770771,1.198778277177077,1.2932782906752367,0.09449999292309468,0.09449999292309468,0.021169431507587433,0.02225358597934246,0.02525383234024048,0.018666071817278862,0.03518778458237648,0.08082345128059387,0.1372077763080597,1.0173946619033813
10.0,1.2801039952498217,0.483045372646302,7.160166536072415,11.63738804597121,1.1637388045971213,1.2801039952498217,0.1163651728286193,0.1163651728286193,0.039454683661460876,0.04104440659284592,0.04744939133524895,0.038855187594890594,0.07429499924182892,0.17888790369033813,0.34332984685897827,3.101046562194824
11.0,1.310097222144787,0.4056634877342731,7.269386060503911,11.42855112369244,1.1428551123692439,1.310097222144787,0.16724210146528024,0.16724210146528024,0.03391357883810997,0.03620963916182518,0.040875084698200226,0.030004745349287987,0.06228573992848396,0.15875719487667084,0.30810093879699707,2.5751609802246094
12.0,1.2692868526165302,0.09705561213195324,6.259055143445881,11.180756385509785,1.1180756385509785,1.2692868526165302,0.1512111984193325,0.1512111984193325,0.018406271934509277,0.019235845655202866,0.02181471325457096,0.01782403327524662,0.031621053814888,0.07037077099084854,0.11730722337961197,0.4798649847507477
13.0,1.170363460595791,0.3470132374204695,5.734633110786039,10.96048171703632,1.0960481717036321,1.170363460595791,0.07431525708391117,0.07431525708391117,0.02994302287697792,0.03209536522626877,0.03618614748120308,0.02643531933426857,0.05404782295227051,0.13647162914276123,0.2594640851020813,2.201462507247925
14.0,1.1923491954803467,0.21270174253731966,6.372983523293228,10.731321554917555,1.0731321554917557,1.1923491954803467,0.11921701522973868,0.11921701522973868,0.0236840657889843,0.024533726274967194,0.02732609584927559,0.02397768571972847,0.04218820855021477,0.09710736572742462,0.1667470782995224,1.29604971408844
15.0,1.1651134697290568,0.27444134070537984,6.100526478809803,10.42428786938007,1.0424287869380071,1.1651134697290568,0.12268467505390827,0.12268467505390827,0.025586122646927834,0.02697422355413437,0.03090716525912285,0.02234066277742386,0.0438191294670105,0.10944698005914688,0.20548927783966064,1.7309671640396118
16.0,1.1162510078686934,0.13082328788004816,5.574547782461014,10.13499406667856,1.013499406667856,1.1162510078686934,0.10275159661586468,0.10275159661586468,0.0193906519562006,0.020743336528539658,0.022711969912052155,0.019586779177188873,0.03500162065029144,0.07603082805871964,0.12926961481571198,0.7238515019416809
17.0,1.072951736358496,0.3018257573712617,6.00204954719647,9.865334382423988,0.9865334382423986,1.072951736358496,0.08641826762602879,0.08641826762602879,0.026881136000156403,0.028367210179567337,0.03256021812558174,0.02349097840487957,0.046762850135564804,0.1177297830581665,0.22288206219673157,1.9159318208694458
18.0,1.0675355287698598,0.11601166194304824,5.850057867045273,9.497422071603628,0.949742207160363,1.0675355287698598,0.1177933279138345,0.1177933279138345,0.01840534433722496,0.019569166004657745,0.021617766469717026,0.01836419850587845,0.032609935849905014,0.07145673781633377,0.12060552835464478,0.6254646182060242
19.0,0.99634706057035,0.337331950198859,5.67439137339152,9.242256127871,0.9242256127871001,0.99634706057035,0.07212141500069545,0.07212141500069545,0.02878713794052601,0.030607089400291443,0.035013146698474884,0.025529028847813606,0.051310911774635315,0.12966351211071014,0.24919664859771729,2.148548126220703
20.0,1.0166054551418011,0.11795522971078753,5.932608449848839,8.87953807757451,0.887953807757451,1.0166054551418011,0.12865161408598608,0.12865161408598608,0.01789342239499092,0.019154785200953484,0.021188193932175636,0.017706915736198425,0.031335875391960144,0.06874345988035202,0.11718332022428513,0.6504358649253845
21.0,0.92027213711005,0.25683960341848433,5.574237223408313,8.516558683835543,0.8516558683835543,0.92027213711005,0.0686162647146445,0.0686162647146445,0.024413924664258957,0.02556757442653179,0.029441364109516144,0.021274056285619736,0.04137495532631874,0.10232940316200256,0.18963617086410522,1.6206793785095215
22.0,0.9345798836304591,0.10076786251738667,5.725384329601241,8.219595725719746,0.8219595725719746,0.9345798836304591,0.11262030039842312,0.11262030039842312,0.017565423622727394,0.018762413412332535,0.020461829379200935,0.01778310351073742,0.03080926649272442,0.06634458154439926,0.11057943105697632,0.5238368511199951
23.0,0.8590423762798309,0.2583337400574237,5.765584946948511,7.912685467646672,0.7912685467646671,0.8590423762798309,0.06777383587681331,0.06777383587681331,0.024360416457057,0.025607096031308174,0.029504971578717232,0.021386589854955673,0.04136032983660698,0.10289035737514496,0.19182218611240387,1.6297379732131958
24.0,0.8594975448571719,0.10347913298755884,5.641429246151022,7.470120961849506,0.7470120961849507,0.8594975448571719,0.1124854448896188,0.1124854448896188,0.01735522225499153,0.018521156162023544,0.02037772536277771,0.01728389784693718,0.029963914304971695,0.06485336273908615,0.10826964676380157,0.5512081384658813
25.0,0.7729407571829282,0.2702932716347277,5.468692279131829,7.112744202980628,0.7112744202980626,0.7729407571829282,0.06166631971987394,0.06166631971987394,0.02493557706475258,0.026364045217633247,0.030332913622260094,0.022177092730998993,0.042740434408187866,0.10712411999702454,0.20243240892887115,1.7062395811080933
26.0,0.7944400929487668,0.09870818979106843,5.7176908058616,6.803508758544922,0.680350875854492,0.7944400929487668,0.11408920070299736,0.11408920070299736,0.017134886234998703,0.01831572875380516,0.02017081156373024,0.017091436311602592,0.029341351240873337,0.06323808431625366,0.10492702573537827,0.5194461941719055
27.0,0.7122993056590741,0.2293785153888166,5.538455154914199,6.50422793168288,0.650422793168288,0.7122993056590741,0.061876500598513164,0.061876500598513164,0.022899093106389046,0.023968849331140518,0.02764080837368965,0.020156970247626305,0.038126591593027115,0.09275943785905838,0.1707475632429123,1.4387288093566895
28.0,0.7172038440520947,0.10908263269811869,5.445519685057286,6.116770377525916,0.6116770377525916,0.7172038440520947,0.10552678830348529,0.10552678830348529,0.017349375411868095,0.018713591620326042,0.020626382902264595,0.01716775819659233,0.029496660456061363,0.062840536236763,0.10670914500951767,0.5997576117515564
29.0,0.6473830961264097,0.07509589055553079,5.296192596554807,5.900696002520048,0.5900696002520048,0.6473830961264097,0.05731349553053196,0.05731349553053196,0.016486993059515953,0.017483193427324295,0.01924809440970421,0.016307497397065163,0.027673523873090744,0.059795819222927094,0.10056452453136444,0.3432074785232544
30.0,0.6091857323279748,0.10020284401252866,5.448343713631872,5.3462473795964165,0.5346247379596417,0.6091857323279748,0.07456099442564525,0.07456099442564525,0.017098885029554367,0.018258867785334587,0.020178431645035744,0.017014702782034874,0.02915019728243351,0.06261970847845078,0.10370931774377823,0.5335926413536072
31.0,0.5686439229891851,0.21866630343720317,5.46469475154907,5.06625956755418,0.5066259567554181,0.5686439229891851,0.062017963626063786,0.062017963626063786,0.02240719459950924,0.02386784367263317,0.027311380952596664,0.020159151405096054,0.03729131817817688,0.08959424495697021,0.16350771486759186,1.3651915788650513
32.0,0.5828473109465379,0.12686173315159976,5.693612054836896,4.997636886743399,0.4997636886743399,0.5828473109465379,0.08308360811609489,0.08308360811609489,0.01852547749876976,0.01979759708046913,0.021574467420578003,0.018771884962916374,0.0319739505648613,0.06752786785364151,0.11096865683794022,0.7257539629936218
33.0,0.5629454851150513,0.22201870824210346,5.682393387463269,4.750624564977793,0.47506245649777934,0.5629454851150513,0.0878830193900145,0.0878830193900145,0.02262316457927227,0.023823216557502747,0.027315005660057068,0.01996384561061859,0.03730373829603195,0.08964425325393677,0.16330267488956451,1.3921737670898438
34.0,0.5532789459595313,0.13040182553231716,5.621868261024669,4.623785165640024,0.4623785165640024,0.5532789459595313,0.09090041999633496,0.09090041999633496,0.01811184547841549,0.019516460597515106,0.021692246198654175,0.017599033191800117,0.03049289435148239,0.06654883176088333,0.11093850433826447,0.7583147883415222
35.0,0.4961521144096668,0.09765171050094068,5.6162948958957255,4.2556415521181545,0.42556415521181545,0.4961521144096668,0.07058794825122906,0.07058794825122906,0.01689104363322258,0.017944833263754845,0.020149599760770798,0.01639619655907154,0.028122199699282646,0.061799392104148865,0.10565429925918579,0.5142561197280884
36.0,0.42134480522229123,0.12210721289739013,5.122136969010059,3.610222394649799,0.36102223946497985,0.42134480522229123,0.06032255463875257,0.06032255463875257,0.01789570227265358,0.019391948357224464,0.021090742200613022,0.017927035689353943,0.030653217807412148,0.06495325267314911,0.10976652055978775,0.695179283618927
37.0,0.4202575362645663,0.09396579675376415,5.295757453866658,3.5596908514316263,0.35596908514316267,0.4202575362645663,0.06428843822616798,0.06428843822616798,0.016817806288599968,0.01793542504310608,0.020153505727648735,0.01630767062306404,0.027990106493234634,0.061508599668741226,0.10581833869218826,0.4851949214935303
38.0,0.40995343258747685,0.19355671619996428,4.846084248720578,3.4131116683666525,0.3413111668366653,0.40995343258747685,0.06864226896029252,0.06864226896029252,0.022666433826088905,0.02358980104327202,0.025524927303195,0.02272636815905571,0.04002149775624275,0.0881299152970314,0.1532253921031952,1.1725693941116333
39.0,0.4129003355136284,0.1491593394894153,5.496923006171467,3.1740384652064395,0.31740384652064396,0.4129003355136284,0.0954964834337051,0.0954964834337051,0.019364967942237854,0.020574912428855896,0.023439709097146988,0.017552627250552177,0.03209377080202103,0.07312539219856262,0.12790332734584808,0.8792200088500977
40.0,0.4086451679468155,0.10074454941786826,5.292149475399146,3.2264912678645206,0.3226491267864521,0.4086451679468155,0.08599604436984429,0.08599604436984429,0.017556440085172653,0.018741847947239876,0.020325569435954094,0.01782773621380329,0.03054998442530632,0.06454435735940933,0.10719428956508636,0.5292161703109741
41.0,0.3654954754389249,0.1929632790852338,5.066618796878861,2.996686210999122,0.29966862109991227,0.3654954754389249,0.06582685502675864,0.06582685502675864,0.02117602899670601,0.022444959729909897,0.02579125575721264,0.018951725214719772,0.034953951835632324,0.08167347311973572,0.14776396751403809,1.190950870513916
42.0,0.3857769885888466,0.10709799686446786,5.180021005877232,2.9074238447042613,0.29074238447042616,0.3857769885888466,0.09503459701171288,0.09503459701171288,0.017380094155669212,0.01871628127992153,0.020376883447170258,0.01741301827132702,0.029868507757782936,0.06311581283807755,0.10603980720043182,0.5838735699653625
43.0,0.3462620492164905,0.19392515788786113,5.004762578006839,2.84932817862584,0.2849328178625841,0.3462620492164905,0.06132922608118791,0.06132922608118791,0.02118474431335926,0.022376688197255135,0.025652693584561348,0.018862202763557434,0.034873902797698975,0.08141718804836273,0.14619635045528412,1.20083749294281
44.0,0.38003878123485124,0.11236352776177227,5.0473810328521305,2.8336129050988417,0.2833612905098842,0.38003878123485124,0.09667748843248074,0.09667748843248074,0.017629189416766167,0.019295426085591316,0.020716220140457153,0.017754854634404182,0.03036513924598694,0.06325427442789078,0.108305424451828,0.6215876936912537
45.0,0.32836260016147906,0.13227021973580122,4.571607146002831,2.6976772409219008,0.26976772409219013,0.32836260016147906,0.05859487245862301,0.05859487245862301,0.018858253955841064,0.02052314206957817,0.02296454645693302,0.01790802739560604,0.0314733125269413,0.07074377685785294,0.12283378839492798,0.7528569102287292
46.0,0.3354400029549232,0.09490254474803805,4.701454658369411,2.652859398951897,0.2652859398951897,0.3354400029549232,0.0701540568127082,0.0701540568127082,0.0176620502024889,0.018968556076288223,0.02023741975426674,0.017995156347751617,0.030290333554148674,0.06199603155255318,0.1024085208773613,0.4896622896194458
47.0,0.3379139384398094,0.14610907435417175,5.098031220971255,2.7227080647762003,0.2722708064776201,0.3379139384398094,0.06564312886733276,0.06564312886733276,0.0192249845713377,0.020723003894090652,0.02342222072184086,0.017793316394090652,0.03187263756990433,0.07187022268772125,0.12457374483346939,0.8593924641609192
48.0,0.3338611103021182,0.12812592322006822,4.484882169944596,2.620987607882573,0.26209876078825733,0.3338611103021182,0.07176235017295067,0.07176235017295067,0.020409347489476204,0.02153017371892929,0.023144816979765892,0.020657207816839218,0.03532128036022186,0.0736967995762825,0.12526214122772217,0.7049856185913086
49.0,0.3525465509066215,0.134857160737738,5.236681212446087,2.6057114463586073,0.2605711446358608,0.3525465509066215,0.09197540208697319,0.09197540208697319,0.01867762580513954,0.01990695297718048,0.022678833454847336,0.017217019572854042,0.030710939317941666,0.06914298981428146,0.11641404777765274,0.7841088771820068
50.0,0.339238308943235,0.0944582149386406,4.7066582479460175,2.6397383625690756,0.26397383625690757,0.339238308943235,0.07526446850253986,0.07526446850253986,0.018807031214237213,0.020099658519029617,0.02125321328639984,0.01910511404275894,0.032091449946165085,0.06532014906406403,0.11164937913417816,0.46733972430229187
51.0,0.32966362283780026,0.16656124219298363,5.05402750560452,2.5439244096095743,0.2543924409609575,0.32966362283780026,0.07527117918317135,0.07527117918317135,0.019869623705744743,0.021054372191429138,0.0240889023989439,0.017944462597370148,0.032617028802633286,0.07414662837982178,0.13070815801620483,1.0120607614517212
52.0,0.35266962303565097,0.09049769723787904,5.050063753493001,2.6363033606455875,0.2636303360645588,0.35266962303565097,0.08903927757189824,0.08903927757189824,0.01737852394580841,0.018725713714957237,0.020029429346323013,0.017538780346512794,0.029619161039590836,0.060299526900053024,0.09890574216842651,0.4614847004413605
53.0,0.3213428556919098,0.19212834630161524,4.840555979897949,2.6040553771532498,0.26040553771532504,0.3213428556919098,0.060937315225601196,0.060937315225601196,0.020969292148947716,0.022279731929302216,0.025612715631723404,0.01904195360839367,0.03450750559568405,0.08069169521331787,0.14737564325332642,1.1865482330322266
54.0,0.3484339416027069,0.09091321332380176,5.027801716509885,2.530862734867976,0.25308627348679763,0.3484339416027069,0.09534765779972076,0.09534765779972076,0.01728682406246662,0.018533045426011086,0.01994345523416996,0.01721462421119213,0.029268626123666763,0.06006081774830818,0.09869231283664703,0.46630600094795227
55.0,0.3382052332162857,0.1480176611803472,5.103375138896992,2.764507064452538,0.2764507064452539,0.3382052332162857,0.061754525280915774,0.061754525280915774,0.019153587520122528,0.02007998526096344,0.023089513182640076,0.01736757531762123,0.031224317848682404,0.07242271304130554,0.12378580123186111,0.8770177960395813
56.0,0.34111621517401475,0.08634965727105737,4.82304886175283,2.513420425928556,0.2513420425928556,0.34111621517401475,0.08977416730844058,0.08977416730844058,0.017659630626440048,0.01877504400908947,0.02002408355474472,0.018003417178988457,0.029810365289449692,0.059825196862220764,0.09803543239831924,0.42866408824920654
57.0,0.31006231617469054,0.1644147103652358,4.892594857789771,2.472760856151581,0.24727608561515807,0.31006231617469054,0.0627862260891841,0.0627862260891841,0.019672062247991562,0.0207928828895092,0.023811304941773415,0.01780819334089756,0.03224463388323784,0.07441693544387817,0.12970168888568878,0.9968699812889099
58.0,0.3507253539103728,0.08444740157574415,5.0710750886358,2.5636663207641015,0.25636663207641014,0.3507253539103728,0.09435871845254531,0.09435871845254531,0.01721489056944847,0.01832904852926731,0.019774047657847404,0.017068354412913322,0.028964417055249214,0.059238892048597336,0.09585795551538467,0.4191316068172455
59.0,0.3026399199779217,0.18628686154261231,4.612239582554566,2.4575982139660764,0.24575982139660768,0.3026399199779217,0.05688009038567543,0.05688009038567543,0.02068500593304634,0.02197699248790741,0.025204114615917206,0.01878022775053978,0.03397494927048683,0.07926765829324722,0.14399249851703644,1.1464134454727173
60.0,0.3427950544999196,0.09434205736033618,5.016634286705923,2.494595454289363,0.24945954542893628,0.3427950544999196,0.09333550127652976,0.09333550127652976,0.017480600625276566,0.018581969663500786,0.02012154832482338,0.017130060121417046,0.02926371432840824,0.06060691922903061,0.09944505989551544,0.4921065866947174
61.0,0.3074953991633195,0.17517815344035625,4.819812348157672,2.4640359420042772,0.24640359420042773,0.3074953991633195,0.06109180029195089,0.06109180029195089,0.020198550075292587,0.021408315747976303,0.024470755830407143,0.018218113109469414,0.03311259299516678,0.0760926678776741,0.13496969640254974,1.072954535484314
62.0,0.3277391917430438,0.09127879701554775,4.592233922639103,2.3887831339469323,0.2388783133946932,0.3277391917430438,0.08886086740172826,0.08886086740172826,0.017583468928933144,0.01908123306930065,0.0202557984739542,0.017711598426103592,0.02990143932402134,0.05937161296606064,0.09994340687990189,0.46638181805610657
63.0,0.3146306597269498,0.15252271527424455,4.93519720523705,2.553536130831792,0.2553536130831792,0.3146306597269498,0.05927703586908487,0.05927703586908487,0.019139671698212624,0.020369520410895348,0.023221660405397415,0.017463304102420807,0.03136885166168213,0.07153258472681046,0.1250123381614685,0.9120737910270691
64.0,0.33015643747953266,0.08742786757647991,4.862873886768959,2.4166128360308132,0.2416612836030814,0.33015643747953266,0.0884951502084732,0.0884951502084732,0.017581678926944733,0.01845763437449932,0.01990087516605854,0.01756970025599003,0.02940189279615879,0.05940250679850578,0.09476815909147263,0.4423404932022095
65.0,0.29715918405697894,0.1488877476658672,4.773348517486861,2.3411291195796085,0.2341129119579609,0.29715918405697894,0.06304626653973873,0.06304626653973873,0.018993621692061424,0.02021949551999569,0.02302701771259308,0.017378631979227066,0.031161626800894737,0.07089611887931824,0.12322653084993362,0.8861989378929138
66.0,0.32897243018333727,0.07886299095116556,4.518951252222138,2.4243859236056986,0.2424385923605699,0.32897243018333727,0.08653383444135006,0.08653383444135006,0.01754290796816349,0.018888011574745178,0.020022040233016014,0.017725929617881775,0.029633307829499245,0.05860666558146477,0.09832630306482315,0.37015876173973083
67.0,0.2884174505105385,0.16932866675779223,4.788594465426449,2.29251550252621,0.22925155025262095,0.2884174505105385,0.05916589971345205,0.05916589971345205,0.019897915422916412,0.021076727658510208,0.024091636762022972,0.017950551584362984,0.032681144773960114,0.07535791397094727,0.13321739435195923,1.0303560495376587
68.0,0.32935129277981245,0.08510827971622348,4.817770401960157,2.3736997888638425,0.23736997888638425,0.32935129277981245,0.09198130753177863,0.09198130753177863,0.017233021557331085,0.018462713807821274,0.01983626000583172,0.016966646537184715,0.02890610322356224,0.05852006375789642,0.09773316234350204,0.4232082664966583
69.0,0.29015003603238326,0.06137521588243544,4.537546033932839,2.361360169374026,0.23613601693740258,0.29015003603238326,0.054014017089055136,0.054014017089055136,0.016705254092812538,0.017759965732693672,0.019136743620038033,0.016729097813367844,0.028356023132801056,0.057874180376529694,0.09680754691362381,0.23763291537761688
70.0,0.29628941989862,0.09963172324933112,4.792480184237401,2.2720286525212803,0.22720286525212802,0.29628941989862,0.06908655481842849,0.06908655481842849,0.017738712951540947,0.018987400457262993,0.02041657455265522,0.017402034252882004,0.029797673225402832,0.06111433357000351,0.1028939038515091,0.5287031531333923
71.0,0.30936795243850124,0.07235416094772518,4.985306809145983,2.47088086605072,0.24708808660507203,0.30936795243850124,0.06227986213679497,0.06227986213679497,0.016870321705937386,0.017731990665197372,0.019535720348358154,0.01625400222837925,0.028048524633049965,0.05846751108765602,0.09706974029541016,0.3248554766178131
72.0,0.2957743050960394,0.10851119784638286,4.4537967493229775,2.294235972257761,0.22942359722577613,0.2957743050960394,0.06635070448884597,0.06635070448884597,0.01805964671075344,0.01971910335123539,0.021151039749383926,0.01781759411096573,0.030630674213171005,0.06234108284115791,0.10858665406703949,0.589783787727356
73.0,0.2927583857224538,0.08873883890919387,4.670774155651925,2.332593170496134,0.23325931704961336,0.2927583857224538,0.0594990668961635,0.0594990668961635,0.017095312476158142,0.01820269599556923,0.020245514810085297,0.016335416585206985,0.02839808724820614,0.06024704873561859,0.10419856011867523,0.44518807530403137
74.0,0.31445938234145826,0.17295584687963128,4.58498491837785,2.4899592262047987,0.24899592262047987,0.31445938234145826,0.06546345611031239,0.06546345611031239,0.021285345777869225,0.022003959864377975,0.02378159947693348,0.021479718387126923,0.03719840198755264,0.07865388691425323,0.13651388883590698,1.0427299737930298
75.0,0.3254489302635193,0.11677457671612501,5.001182254882442,2.3570817617269664,0.23570817617269668,0.3254489302635193,0.08974074830229466,0.08974074830229466,0.018323052674531937,0.019661808386445045,0.022124269977211952,0.017038503661751747,0.030414504930377007,0.06746625155210495,0.116371288895607,0.6427969336509705
76.0,0.3134491993830754,0.09224948333576322,4.762980553538101,2.3698879067714396,0.23698879067714398,0.3134491993830754,0.07646040389171013,0.07646040389171013,0.018248969689011574,0.019522666931152344,0.020876562222838402,0.01837797462940216,0.031622353941202164,0.06337747722864151,0.10718635469675064,0.45878350734710693
77.0,0.2906668742115681,0.15064960531890392,4.673216763327308,2.242889642715454,0.22428896427154538,0.2906668742115681,0.06637790569892296,0.06637790569892296,0.019250528886914253,0.020736822858452797,0.023498905822634697,0.01755274273455143,0.03176950290799141,0.07144815474748611,0.12716931104660034,0.8937708735466003
78.0,0.3018263200154671,0.09182449383661151,4.655239314429784,2.1788970552957974,0.21788970552957979,0.3018263200154671,0.08393660904123233,0.08393660904123233,0.017875809222459793,0.019095106050372124,0.020390361547470093,0.01773841306567192,0.030447060242295265,0.06106870248913765,0.1040225625038147,0.46395793557167053
79.0,0.28941681522589463,0.13150220829993486,4.885545934913339,2.2854895408336935,0.22854895408336934,0.28941681522589463,0.060867858334229544,0.060867858334229544,0.018517635762691498,0.019744452089071274,0.02233133651316166,0.01696145534515381,0.03038840927183628,0.06875123083591461,0.11893859505653381,0.756384551525116
80.0,0.30095303975618803,0.08711421536281705,4.371040139052948,2.1811058704669657,0.21811058704669664,0.30095303975618803,0.08284244772333366,0.08284244772333366,0.018096836283802986,0.019223524257540703,0.02036188170313835,0.01816525124013424,0.030784273520112038,0.060579560697078705,0.10394498705863953,0.42575740814208984
81.0,0.28214047619929683,0.11071859369985759,4.702787946740666,2.1669680155240574,0.2166968015524057,0.28214047619929683,0.06544366794136855,0.06544366794136855,0.018245551735162735,0.01970541663467884,0.0217331200838089,0.01727965660393238,0.030560126528143883,0.06519098579883575,0.11282256990671158,0.6002113223075867
82.0,0.29134030410876643,0.09714866243302822,4.7520041265395525,2.2189145179895253,0.22189145179895256,0.29134030410876643,0.06944884589085212,0.06944884589085212,0.018034204840660095,0.019024036824703217,0.02057819254696369,0.017552966251969337,0.03017565980553627,0.06202882528305054,0.10367324203252792,0.5061221718788147
83.0,0.27303561912133145,0.1769217054825276,4.6426276445493135,2.1159848204025855,0.21159848204025852,0.27303561912133145,0.061437129974365234,0.061437129974365234,0.020316625013947487,0.021623700857162476,0.024649986997246742,0.018205372616648674,0.033502545207738876,0.07807459682226181,0.13939154148101807,1.0796092748641968
84.0,0.31193214139113057,0.09022350702434778,4.85475767978427,2.206246398962461,0.22062463989624614,0.31193214139113057,0.09130750166682097,0.09130750166682097,0.01752292737364769,0.01858002133667469,0.020227616652846336,0.016824664548039436,0.029226617887616158,0.059584565460681915,0.10155797749757767,0.45826366543769836
85.0,0.27106858560672176,0.12799761816859245,4.687482644345139,2.1504409588300266,0.21504409588300266,0.27106858560672176,0.05602448132748787,0.05602448132748787,0.018984010443091393,0.020481998100876808,0.02290305308997631,0.017434652894735336,0.03122306428849697,0.06756582111120224,0.11721079796552658,0.728177547454834
86.0,0.2722565909990898,0.12819904135540128,4.533648874961779,2.097475074804746,0.20974750748047466,0.2722565909990898,0.06250907767277497,0.06250907767277497,0.020162228494882584,0.02123444899916649,0.022652583196759224,0.020181456580758095,0.034960776567459106,0.06770633906126022,0.11154596507549286,0.7271485328674316
87.0,0.3107601828300036,0.13379255309700966,4.958448263394412,2.1958630176690908,0.2195863017669091,0.3107601828300036,0.0911738806619094,0.0911738806619094,0.018817082047462463,0.02032090164721012,0.0227502528578043,0.01724369078874588,0.030981946736574173,0.06816252321004868,0.11801063269376755,0.7740533947944641
88.0,0.27455919751754176,0.0958879825193435,4.496804520258545,2.050237930738009,0.20502379307380092,0.27455919751754176,0.06953539613347787,0.06953539613347787,0.018271684646606445,0.019597982987761497,0.020886968821287155,0.018160520121455193,0.031118998304009438,0.061981894075870514,0.10462117940187454,0.4924646317958832
89.0,0.27437954854506713,0.13164517376571894,4.854225617902738,2.0544974987323465,0.20544974987323467,0.27437954854506713,0.06892979030425732,0.06892979030425732,0.018575336784124374,0.01981435902416706,0.022333556786179543,0.0169606301933527,0.030473610386252403,0.06826295703649521,0.11751968413591385,0.7592212557792664
90.0,0.28972451847333175,0.08478892757557333,4.347827541540512,2.1357606099202084,0.21357606099202084,0.28972451847333175,0.07614845524613674,0.07614845524613674,0.01811751164495945,0.019394805654883385,0.02055070921778679,0.01800992526113987,0.030710086226463318,0.06018902361392975,0.10278316587209702,0.408556193113327
91.0,0.2685744911432266,0.14695370965637267,4.720760978113937,2.030100643634796,0.20301006436347963,0.2685744911432266,0.06556442064734605,0.06556442064734605,0.01908307522535324,0.020343104377388954,0.02300051972270012,0.01728745549917221,0.03135279193520546,0.07145016640424728,0.1236114501953125,0.8695011138916016
92.0,0.2886514342748202,0.08487574686296284,4.721639760243728,2.0405754309434156,0.2040575430943416,0.2886514342748202,0.08459388951842602,0.08459388951842602,0.017749052494764328,0.018787356093525887,0.020208746194839478,0.01723170280456543,0.02963092178106308,0.05911572650074959,0.09910815954208374,0.4171743094921112
93.0,0.2578263334356822,0.15536556136794388,4.393280354160632,1.9994763961205115,0.19994763961205117,0.2578263334356822,0.05787869055683796,0.05787869055683796,0.019373130053281784,0.02084524743258953,0.023507079109549522,0.017579788342118263,0.03187169134616852,0.07220293581485748,0.12884458899497986,0.9287000298500061
94.0,0.2789224821787614,0.09538828046061099,4.262536722890716,1.9699381773288434,0.19699381773288435,0.2789224821787614,0.08192865980359224,0.08192865980359224,0.018025634810328484,0.01929440349340439,0.02063690684735775,0.017434267327189445,0.030123643577098846,0.059760913252830505,0.10302716493606567,0.4948033094406128
95.0,0.25560402182432324,0.15105359279550612,4.435645581988913,1.973476795049814,0.19734767950498144,0.25560402182432324,0.05825634157428375,0.05825634157428375,0.019259784370660782,0.02073584496974945,0.023277021944522858,0.017476769164204597,0.031676728278398514,0.0719420313835144,0.1270996481180191,0.8969609141349792
96.0,0.27811079071118283,0.08565141190774739,4.774402615876225,1.959498235812554,0.1959498235812554,0.27811079071118283,0.08216096403507087,0.08216096403507087,0.0182568971067667,0.019166402518749237,0.020723801106214523,0.017578745260834694,0.030366910621523857,0.06015430763363838,0.09965640306472778,0.4193078279495239
97.0,0.25345272570848465,0.14259041380137205,4.565773931930884,1.9188231596579919,0.19188231596579916,0.25345272570848465,0.06157040681976538,0.06157040681976538,0.01890784315764904,0.020270200446248055,0.02276965230703354,0.017161749303340912,0.031062498688697815,0.06955843418836594,0.12212413549423218,0.8388687968254089
98.0,0.27357779156703216,0.09048955352045596,4.476985717464957,1.9308401896403387,0.19308401896403385,0.27357779156703216,0.08049376308917999,0.08049376308917999,0.017930159345269203,0.019274277612566948,0.020526552572846413,0.017575057223439217,0.030211245641112328,0.05961962789297104,0.10245639085769653,0.45632311701774597
99.0,0.2639761120080948,0.13800754770636559,4.780227550862322,2.043380563075726,0.2043380563075726,0.2639761120080948,0.059638054038469605,0.059638054038469605,0.018850278109312057,0.020089078694581985,0.02270686998963356,0.017104092985391617,0.030983448028564453,0.0704193040728569,0.1203019917011261,0.803605318069458
100.0,0.3047859634344394,0.08696750737726688,4.605981744678493,2.271781930556664,0.22717819305566642,0.3047859634344394,0.07760776493411797,0.07760776493411797,0.018080301582813263,0.019319163635373116,0.02053910493850708,0.017718622460961342,0.03037041425704956,0.059882473200559616,0.10237553715705872,0.4274544417858124
101.0,0.27801580039354473,0.136015695752576,4.903165115280962,2.1324836061551022,0.21324836061551025,0.27801580039354473,0.06476743834523055,0.06476743834523055,0.01865077018737793,0.019920293241739273,0.02241622842848301,0.016972439363598824,0.030597494915127754,0.06886681169271469,0.1196485310792923,0.7910529971122742
102.0,0.2940257340669632,0.0792800965718925,4.614406302471365,2.128969146655156,0.21289691466551564,0.2940257340669632,0.0811288204903786,0.0811288204903786,0.0177887212485075,0.01884293183684349,0.020174281671643257,0.017358683049678802,0.029707815498113632,0.058625947684049606,0.09858283400535583,0.3731595575809479
103.0,0.2547754106613306,0.14208449819125235,4.262340731674696,1.9580030303734999,0.19580030303734997,0.2547754106613306,0.05897510395600246,0.05897510395600246,0.018889056518673897,0.020330853760242462,0.022851353511214256,0.01723198965191841,0.03105763904750347,0.0691736713051796,0.12280037254095078,0.8343410491943359
104.0,0.27759207785129547,0.08683836553245783,4.6479992555395455,1.9688962147786067,0.19688962147786065,0.27759207785129547,0.08070245041297032,0.08070245041297032,0.0178382471203804,0.019047968089580536,0.020398350432515144,0.017321141436696053,0.029834341257810593,0.05900932848453522,0.10041049867868423,0.43084704875946045
105.0,0.26562571353637254,0.1522942795418203,4.535669073771745,2.071367167509519,0.20713671675095188,0.26562571353637254,0.058488987386226654,0.058488987386226654,0.01925239898264408,0.020729923620820045,0.02332792431116104,0.017450351268053055,0.03172501549124718,0.07188092172145844,0.12716329097747803,0.9068244099617004
106.0,0.27528294577048373,0.08902203291654587,4.532065593987098,1.951838126549354,0.1951838126549354,0.27528294577048373,0.08009913047918907,0.08009913047918907,0.018005309626460075,0.019103672355413437,0.02052142471075058,0.01733269914984703,0.03001069836318493,0.05959083512425423,0.10105156898498535,0.4465600550174713
107.0,0.2524956384530434,0.14454676513560116,4.658230528379161,1.9416490334730883,0.19416490334730885,0.2524956384530434,0.05833073246937532,0.05833073246937532,0.019013114273548126,0.020417528226971626,0.022892815992236137,0.01724732480943203,0.03128470107913017,0.07009342312812805,0.1234070360660553,0.8520181775093079
108.0,0.2709652867454749,0.09401593520306051,4.543191904237636,1.9109938144683838,0.19109938144683836,0.2709652867454749,0.079865896071379,0.079865896071379,0.018039293587207794,0.019242506474256516,0.020654864609241486,0.01734301447868347,0.030092211440205574,0.06005918234586716,0.10292600840330124,0.4837704002857208
109.0,0.244648739695549,0.15317726088687778,4.551563652818718,1.8579346124942486,0.18579346124942486,0.244648739695549,0.058855271396728664,0.058855271396728664,0.019329367205500603,0.02079247683286667,0.02341558411717415,0.017465708777308464,0.03188907727599144,0.07202623039484024,0.12682004272937775,0.9136795997619629
110.0,0.2742798592035587,0.09605088201351464,4.625170138036449,1.9526905096494234,0.19526905096494238,0.2742798592035587,0.07901080325245857,0.07901080325245857,0.01805911958217621,0.019354375079274178,0.020749226212501526,0.017386063933372498,0.03022301197052002,0.060047559440135956,0.10356250405311584,0.4990251958370209
111.0,0.23966159041111285,0.12962593813426793,4.519941870453358,1.8137896336041963,0.18137896336041964,0.23966159041111285,0.05828262464358257,0.05828262464358257,0.01856979914009571,0.01981768012046814,0.022254833951592445,0.016883140429854393,0.030492819845676422,0.06871118396520615,0.11791572719812393,0.7423623204231262
112.0,0.257278483074445,0.0789296010043472,4.552329058561171,1.7971770763397217,0.17971770763397216,0.257278483074445,0.07756077240292843,0.07756077240292843,0.0181047972291708,0.019183926284313202,0.020392457023262978,0.017818491905927658,0.030376555398106575,0.05891691893339157,0.10019189119338989,0.36645177006721497
113.0,0.26147914505921876,0.13455995079129934,4.521911342466995,2.002717380340283,0.2002717380340283,0.26147914505921876,0.06120739963192206,0.06120739963192206,0.01863706484436989,0.019927142187952995,0.022358154878020287,0.016917400062084198,0.030569210648536682,0.06838776171207428,0.11915796250104904,0.7805249094963074
114.0,0.25856907894978154,0.08819417608901858,4.29204110487762,1.8067216643920312,0.1806721664392031,0.25856907894978154,0.0778969067793626,0.0778969067793626,0.017944669350981712,0.01922638714313507,0.02052243985235691,0.017332063987851143,0.030047735199332237,0.05933896079659462,0.10159119963645935,0.4395499527454376
115.0,0.23899784970742005,0.1441634597722441,4.61802707399136,1.8064065804848304,0.18064065804848303,0.23899784970742005,0.058357192346682914,0.058357192346682914,0.019017411395907402,0.02033478394150734,0.02284233085811138,0.01718759723007679,0.03132840245962143,0.07119417935609818,0.12293705344200134,0.8484659194946289
116.0,0.2582601996568533,0.09092648536898196,4.561162487733911,1.7694179874200087,0.1769417987420009,0.2582601996568533,0.08131839564213386,0.08131839564213386,0.01802278682589531,0.01919456198811531,0.020587319508194923,0.01723340153694153,0.03005431592464447,0.059302955865859985,0.10205496102571487,0.46096158027648926
117.0,0.23450081508893234,0.14443304878659546,4.497114158418425,1.7797647898013775,0.17797647898013774,0.23450081508893234,0.05652433719772559,0.05652433719772559,0.01905371993780136,0.020419854670763016,0.02288653701543808,0.017232729122042656,0.031442418694496155,0.07093983143568039,0.12277288734912872,0.8507164120674133
118.0,0.2643025775368397,0.09541154955513775,4.633632390496071,1.8230483348552997,0.18230483348552998,0.2643025775368397,0.08199774187344772,0.08199774187344772,0.01824597828090191,0.019352857023477554,0.020856915041804314,0.01733805239200592,0.03031136281788349,0.06054064631462097,0.10341895371675491,0.49322763085365295
119.0,0.23752482464680305,0.14833761448971927,4.353101134950569,1.792594047693106,0.17925940476931057,0.23752482464680305,0.05826542153954506,0.05826542153954506,0.019192084670066833,0.02073165774345398,0.023215772584080696,0.017414823174476624,0.031625520437955856,0.07060981541872025,0.12624673545360565,0.8776645064353943
120.0,0.25656652794434476,0.09799645305611193,4.381149870487564,1.8002954033704905,0.180029540337049,0.25656652794434476,0.07653698468437561,0.07653698468437561,0.018225086852908134,0.01948520354926586,0.020934326574206352,0.01737581193447113,0.030376922339200974,0.06021524593234062,0.10425834357738495,0.5131006836891174
121.0,0.24209324385111147,0.14622723404318094,4.402360570026675,1.841829226567195,0.1841829226567195,0.24209324385111147,0.057910321423640616,0.057910321423640616,0.019078385084867477,0.020557371899485588,0.023032749071717262,0.017270240932703018,0.03145165741443634,0.07064835727214813,0.12442997097969055,0.8633491396903992
122.0,0.27363981077304256,0.08958614314906299,4.64705538690569,1.9666961523202748,0.19666961523202747,0.27363981077304256,0.0769701895232384,0.0769701895232384,0.01809946820139885,0.019169030711054802,0.020642735064029694,0.017336219549179077,0.030163347721099854,0.05998797342181206,0.1012859120965004,0.4500044584274292
123.0,0.23962708505300376,0.1370309330523014,4.433779721662653,1.8022037652822642,0.1802203765282264,0.23962708505300376,0.059406705773793735,0.059406705773793735,0.018706683069467545,0.020130179822444916,0.02251637540757656,0.01700199581682682,0.030839961022138596,0.06807074695825577,0.11993905901908875,0.7990424633026123
124.0,0.25924900059516615,0.08385930000804365,4.539667208492929,1.8290281341626093,0.18290281341626094,0.25924900059516615,0.07634617961370029,0.07634617961370029,0.017911730334162712,0.019187692552804947,0.020470453426241875,0.01747475191950798,0.030090978369116783,0.05917644128203392,0.10084858536720276,0.4057137668132782
125.0,0.25777184848602,0.12589680799283087,4.748265616269567,1.9535545935997596,0.19535545935997597,0.25777184848602,0.06241638729205498,0.06241638729205498,0.01844373159110546,0.019648626446723938,0.022195162251591682,0.01680346392095089,0.030438479036092758,0.06894087791442871,0.11616012454032898,0.7145439982414246
126.0,0.2493937061383174,0.09073096700012684,4.409533931504821,1.7429523055370038,0.1742952305537004,0.2493937061383174,0.07509847415181306,0.07509847415181306,0.018040429800748825,0.019478341564536095,0.02077903226017952,0.017624951899051666,0.030429573729634285,0.0599006712436676,0.10347600281238556,0.45611873269081116
127.0,0.23527198456800902,0.12161800218746066,4.559412205352036,1.771314602631789,0.17713146026317889,0.23527198456800902,0.05814052373170853,0.05814052373170853,0.018198251724243164,0.01943240687251091,0.021757300943136215,0.016609353944659233,0.02995247207581997,0.0668119266629219,0.1147707924246788,0.6854115128517151
128.0,0.2573568012851935,0.08415901684202254,4.254324353485283,1.8174828703586872,0.18174828703586876,0.2573568012851935,0.0756085142493248,0.0756085142493248,0.01808178797364235,0.01931683160364628,0.020556362345814705,0.017560496926307678,0.03041677735745907,0.05967716500163078,0.10229852795600891,0.40536418557167053
129.0,0.2322087540076329,0.13131191371940076,4.575354838272674,1.708770793217879,0.1708770793217879,0.2322087540076329,0.061331671447708055,0.061331671447708055,0.018520358949899673,0.01977124810218811,0.02220209501683712,0.016780031844973564,0.030512502416968346,0.06889456510543823,0.11819736659526825,0.7556171417236328
130.0,0.2517266090099628,0.08392096031457186,4.560007545902875,1.7215702212773836,0.1721570221277384,0.2517266090099628,0.07956958476167458,0.07956958476167458,0.017866740003228188,0.01898907870054245,0.020385995507240295,0.017185164615511894,0.029856324195861816,0.05884501338005066,0.09996712952852249,0.40827223658561707
131.0,0.22416535249123207,0.13577039982192218,4.39698196509132,1.6622090614759004,0.16622090614759005,0.22416535249123207,0.05794444393653136,0.05794444393653136,0.018657011911273003,0.02001502364873886,0.02238425612449646,0.016886427998542786,0.030718185007572174,0.06806748360395432,0.11937768757343292,0.7900571227073669
132.0,0.24388480415711036,0.08707414707168937,4.409800221018857,1.6666016716223497,0.16666016716223497,0.24388480415711036,0.07722463659369029,0.07722463659369029,0.01802891306579113,0.01930016651749611,0.02060822769999504,0.017321962863206863,0.03015889786183834,0.05903946980834007,0.10126187652349472,0.43087366223335266
133.0,0.23823113166368926,0.1402458178345114,4.599869227351728,1.804280767073998,0.18042807670739983,0.23823113166368926,0.05780305226261799,0.05780305226261799,0.01889035478234291,0.02024960145354271,0.022658297792077065,0.017071779817342758,0.03121555969119072,0.070185087621212,0.12077539414167404,0.820920467376709
134.0,0.2441842074577625,0.08577506430447102,4.43019434137024,1.6539783156835115,0.1653978315683512,0.2441842074577625,0.07878637141906299,0.07878637141906299,0.017998097464442253,0.019170038402080536,0.02049238048493862,0.017230210825800896,0.030021311715245247,0.058628011494874954,0.1003875732421875,0.4222728908061981
135.0,0.22394952178001404,0.13954173168167472,4.500935093506596,1.6709733192737286,0.16709733192737286,0.22394952178001404,0.056852187388218366,0.056852187388218366,0.018809162080287933,0.02021552436053753,0.02253454178571701,0.01700536347925663,0.030951034277677536,0.06895340979099274,0.12102178484201431,0.8168430328369141
136.0,0.24606904903283486,0.09990319469943643,4.402946236974345,1.6794406955058758,0.16794406955058758,0.24606904903283486,0.07812498137354851,0.07812498137354851,0.018328722566366196,0.01955433562397957,0.021053673699498177,0.017312921583652496,0.030559489503502846,0.06044219434261322,0.1050405502319336,0.5269336700439453
137.0,0.22286963634766066,0.14700328512117267,4.442958811223281,1.6514711746802697,0.16514711746802696,0.22286963634766066,0.05772251736086149,0.05772251736086149,0.01917511597275734,0.02064029686152935,0.023022489622235298,0.017288345843553543,0.03163532540202141,0.07114376127719879,0.1240973249077797,0.8690236210823059
138.0,0.24124695704533503,0.09924762602895498,4.312849712923827,1.644378492465386,0.16443784924653862,0.24124695704533503,0.07680910510512498,0.07680910510512498,0.018354792147874832,0.01956886798143387,0.02108275145292282,0.0173342227935791,0.030576761811971664,0.06041550636291504,0.10467229038476944,0.5219758152961731
139.0,0.21509977258168733,0.1450661001726985,4.321904753708008,1.5732532831338735,0.15732532831338736,0.21509977258168733,0.05777444475545333,0.05777444475545333,0.019102226942777634,0.02052762545645237,0.022901391610503197,0.017220687121152878,0.03153543919324875,0.07075981795787811,0.12278368324041367,0.8556979298591614
140.0,0.22963591206532258,0.09154019528068602,4.3054844775368775,1.5312318297532888,0.1531231829753289,0.22963591206532258,0.07651273247141105,0.07651273247141105,0.018207166343927383,0.019475771114230156,0.02082187496125698,0.017356185242533684,0.030389785766601562,0.05939025059342384,0.102187879383564,0.46449264883995056
141.0,0.22533836616919592,0.14686056831851602,4.515860681009914,1.6706609725952148,0.16706609725952146,0.22533836616919592,0.05827226719030967,0.05827226719030967,0.019170168787240982,0.020620206370949745,0.023016586899757385,0.017273234203457832,0.03162204846739769,0.07101679593324661,0.12347501516342163,0.8686904907226562
142.0,0.23973948852374002,0.10009383549913764,4.339013197658505,1.6462497344383826,0.16462497344383828,0.23973948852374002,0.07511451095342636,0.07511451095342636,0.01839105784893036,0.019682373851537704,0.021155431866645813,0.01739261858165264,0.030664877966046333,0.060410261154174805,0.10478560626506805,0.5282684564590454
143.0,0.22588814336519975,0.07484561810269952,4.220295629077919,1.6801145260150616,0.1680114526015062,0.22588814336519975,0.05787668993266729,0.05787668993266729,0.017671480774879456,0.018768658861517906,0.020125113427639008,0.016932811588048935,0.029705634340643883,0.05835547670722008,0.09996188431978226,0.3372438848018646
144.0,0.2374234302685811,0.10903443046845496,4.530146926900155,1.7417793778272777,0.17417793778272778,0.2374234302685811,0.0632454904799278,0.0632454904799278,0.01843496784567833,0.019849881529808044,0.021361835300922394,0.017621109262108803,0.031011492013931274,0.06230391189455986,0.10812588781118393,0.593566358089447
145.0,0.22639293854053205,0.1542591298930347,4.436862481666694,1.6314082053991465,0.16314082053991466,0.22639293854053205,0.06325211777136876,0.06325211777136876,0.01926637813448906,0.020633110776543617,0.023232020437717438,0.017312364652752876,0.031835611909627914,0.072163425385952,0.12422695010900497,0.9254031777381897
146.0,0.2456712115269441,0.09619122860021889,4.355316608076219,1.6659988852647634,0.16659988852647636,0.2456712115269441,0.07907132002023551,0.07907132002023551,0.01801859773695469,0.019335975870490074,0.02084984816610813,0.01711142249405384,0.029969612136483192,0.05942206457257271,0.10243019461631775,0.5023921132087708
147.0,0.2165802912070201,0.06761217210441828,4.3013785176133545,1.5776362831775959,0.15776362831775964,0.2165802912070201,0.05881666334775778,0.05881666334775778,0.017637277022004128,0.018502013757824898,0.020101500675082207,0.016997098922729492,0.029428092762827873,0.05692511051893234,0.09482874721288681,0.28647753596305847
148.0,0.22057566161339098,0.11029970413073897,4.5236198552768965,1.5446718151752765,0.15446718151752764,0.22057566161339098,0.0661084746512083,0.0661084746512083,0.018102990463376045,0.019438743591308594,0.02142045833170414,0.016757028177380562,0.030021796002984047,0.06245434656739235,0.11044608056545258,0.6037561893463135
149.0,0.21613791241095617,0.09444747120141983,4.418911885411386,1.5551024629519536,0.15551024629519536,0.21613791241095617,0.060627661931973234,0.060627661931973234,0.018377915024757385,0.01941579394042492,0.021016160026192665,0.01769891567528248,0.03108960948884487,0.061671048402786255,0.10455197095870972,0.48175835609436035
150.0,0.21743334600558648,0.1186362411826849,4.222523026195001,1.5310006325061505,0.15310006325061506,0.21743334600558648,0.06433327968877095,0.06433327968877095,0.0185854509472847,0.020186731591820717,0.022085605189204216,0.017341941595077515,0.03114216774702072,0.06688223034143448,0.11828044056892395,0.6545853614807129
151.0,0.21276361552568582,0.09167393459938467,4.303187641710488,1.5321531433325548,0.15321531433325547,0.21276361552568582,0.05954829904322441,0.05954829904322441,0.01825406216084957,0.019215265288949013,0.020927071571350098,0.017404088750481606,0.03063618391752243,0.06069997325539589,0.1023174300789833,0.4639374017715454
152.0,0.22139890606586748,0.10707376967184246,4.363670993414157,1.602665662765503,0.16026656627655028,0.22139890606586748,0.06113233646521202,0.06113233646521202,0.018235299736261368,0.01961049996316433,0.021604496985673904,0.016771286725997925,0.03012189269065857,0.06237655133008957,0.10871390998363495,0.579156219959259
153.0,0.22125681432393882,0.09908062359318137,4.211681872700222,1.5901987415093641,0.15901987415093644,0.22125681432393882,0.06223694206430362,0.06223694206430362,0.018123604357242584,0.01947774924337864,0.02089967392385006,0.017424292862415314,0.030749771744012833,0.061017729341983795,0.10610249638557434,0.5188496708869934
154.0,0.2123665064573288,0.12564324750564992,4.1244644418564285,1.5316995565707867,0.15316995565707867,0.2123665064573288,0.059196544954409965,0.059196544954409965,0.018813256174325943,0.020409973338246346,0.022609595209360123,0.01724749431014061,0.03130184859037399,0.06794066727161407,0.12033066153526306,0.7064924836158752
155.0,0.21642504919033784,0.09368013544008136,4.311527677066291,1.5480837684411268,0.15480837684411272,0.21642504919033784,0.061616670626860395,0.061616670626860395,0.01806044764816761,0.01912686973810196,0.020815666764974594,0.01706056483089924,0.030210599303245544,0.059972066432237625,0.1028793454170227,0.4813155233860016
156.0,0.2115833403972479,0.11347745754756033,4.3901128481876865,1.5419835081467261,0.15419835081467262,0.2115833403972479,0.0573849855707242,0.0573849855707242,0.01837559975683689,0.019802048802375793,0.02180292457342148,0.01686926744878292,0.030363591387867928,0.06300760060548782,0.11077383160591125,0.6268247961997986
157.0,0.21816875155155474,0.09305650182068348,4.266466056334537,1.5486108844096844,0.15486108844096844,0.21816875155155474,0.06330765869755012,0.06330765869755012,0.0179457925260067,0.019117753952741623,0.020626386627554893,0.017142528668045998,0.03022654727101326,0.05964772030711174,0.1025518998503685,0.4771933853626251
158.0,0.2151191234588623,0.11673152889125049,4.3324871150651125,1.575714606505174,0.1575714606505174,0.2151191234588623,0.05754765724906555,0.05754765724906555,0.01833661086857319,0.0198246818035841,0.021909989416599274,0.016829434782266617,0.030369894579052925,0.06396795064210892,0.11180408298969269,0.6508095860481262
159.0,0.20845640049530909,0.0894947680644691,4.26312274371412,1.4644984694627614,0.14644984694627616,0.20845640049530909,0.06200655406484237,0.06200655406484237,0.017836010083556175,0.019135352224111557,0.02054036222398281,0.01717793382704258,0.030156491324305534,0.05934001877903938,0.10242850333452225,0.4493434727191925
160.0,0.2067639701641523,0.11338665592484176,4.312817454885302,1.495490509730119,0.1495490509730119,0.2067639701641523,0.05721491747177564,0.05721491747177564,0.01822575367987156,0.019724475219845772,0.021708205342292786,0.016783716157078743,0.0302109494805336,0.06333152949810028,0.11095210909843445,0.6261565089225769
161.0,0.20840046038994423,0.08131916355341673,4.24238955621275,1.4634872308144202,0.14634872308144203,0.20840046038994423,0.06205173295277815,0.06205173295277815,0.017754284664988518,0.018811551854014397,0.020345695316791534,0.01705307513475418,0.029809333384037018,0.058034587651491165,0.09864677488803864,0.3900980055332184
162.0,0.20092962223749894,0.10568904574029148,4.335189014690467,1.4442775616279016,0.14442775616279013,0.20092962223749894,0.056501863667598136,0.056501863667598136,0.018038785085082054,0.01943921111524105,0.021307077258825302,0.01666208729147911,0.029850853607058525,0.06139324977993965,0.10686047375202179,0.5719606280326843
163.0,0.21252774848387793,0.08845605468377471,4.288688208905767,1.4827168813118567,0.14827168813118569,0.21252774848387793,0.06425605914913692,0.06425605914913692,0.017804061993956566,0.019128527492284775,0.020503070205450058,0.01724027283489704,0.030177701264619827,0.05929102003574371,0.10251211374998093,0.44099166989326477
164.0,0.21299729209679824,0.11701153498142958,4.338017619619261,1.558230968622061,0.1558230968622061,0.21299729209679824,0.05717419145198969,0.05717419145198969,0.018355323001742363,0.01988578401505947,0.021978085860610008,0.016886534169316292,0.03047308698296547,0.06449460238218307,0.11282780766487122,0.6511910557746887
165.0,0.2141210906780683,0.09038253640756011,4.275524292110523,1.5264891615280738,0.15264891615280737,0.2141210906780683,0.06147216948179098,0.06147216948179098,0.017800329253077507,0.01906423270702362,0.020506329834461212,0.017110155895352364,0.030087653547525406,0.05921143293380737,0.10206916928291321,0.4572109878063202
166.0,0.20883597089694098,0.1066367207095027,4.378876472838633,1.5201177642895625,0.15201177642895625,0.20883597089694098,0.056824191545064635,0.056824191545064635,0.017986511811614037,0.019466379657387733,0.021345147863030434,0.0166399534791708,0.029872406274080276,0.06205018237233162,0.1082036942243576,0.5775294899940491
167.0,0.21404486493422434,0.08557801763527095,4.492706038134768,1.5077634086975684,0.15077634086975683,0.21404486493422434,0.06326852294688042,0.06326852294688042,0.017697306349873543,0.018739333376288414,0.020347410812973976,0.016983192414045334,0.029752276837825775,0.05864875018596649,0.09952479600906372,0.42293107509613037
168.0,0.19869781457460844,0.11501578916795552,4.341374982566808,1.4046888718238244,0.14046888718238246,0.19869781457460844,0.058228928595781326,0.058228928595781326,0.018187230452895164,0.019573159515857697,0.02175040729343891,0.016705213114619255,0.030277203768491745,0.06406944990158081,0.10994048416614532,0.6396231651306152
169.0,0.19900964085872358,0.09111366793513298,4.113007058193812,1.354108072244204,0.13541080722442042,0.19900964085872358,0.06359883053944661,0.06359883053944661,0.01793421059846878,0.019371865317225456,0.02074550837278366,0.017533622682094574,0.030549587681889534,0.05998612940311432,0.10374107211828232,0.4590473473072052
