epoch,train_loss,val_window_mae_kwh,grad_norm,l_state,w_state,w_boundary,w_prior,w_dynamics,dynamics_residual_mae,loss,l_window,l_boundary,dynamics_residual_rmse,w_window,l_prior,l_dynamics,val_mae_full_trip
0.0,2.5801162398778477,0.3590620458126068,5.003247036591831,18.833462935227615,1.8833462935227616,0.0,0.00014551447626357775,0.00036314309265715285,0.014123449746805888,2.5801162398778477,0.6962612729806167,0.0,0.018541994003149178,0.6962612729806167,0.0014551447626357772,0.00036314309265715285,0.3590620458126068
1.0,2.167016185246981,0.29902705550193787,6.6034232648799795,18.624391115628757,1.8624391115628758,0.0,0.0019200292344276721,0.0006166055614952571,0.017807523361765422,2.167016185246981,0.30204041552944827,0.0,0.023795646185485218,0.30204041552944827,0.019200292344276722,0.0006166055614952571,0.29902705550193787
2.0,2.20451172040059,0.26667070388793945,7.591888636782424,18.14275103348952,1.8142751033489521,0.0,0.003651588940276549,0.0024642948992550373,0.027422599064616058,2.20451172040059,0.3841207276743192,0.0,0.04708775089910397,0.3841207276743192,0.0365158894027655,0.0024642948992550373,0.26667070388793945
3.0,1.9982278713813195,0.15926186740398407,6.585143681030293,16.977023748251106,1.6977023748251108,0.0,0.0026130730322060677,0.016538875750624217,0.05727937932197864,1.9982278713813195,0.2813734677262031,0.0,0.12406312674283981,0.2813734677262031,0.026130730322060678,0.016538875750624217,0.15926186740398407
4.0,1.8736811463649456,0.14453189074993134,6.997459065280054,15.59642663368812,1.5596426633688116,0.0,0.0033341402617784654,0.059468683858330436,0.09709157594121419,1.8736811463649456,0.25123563401687604,0.0,0.2406233434493725,0.25123563401687604,0.03334140261778465,0.059468683858330436,0.14453189074993134
5.0,1.7565647982634032,0.41711172461509705,6.652085030092944,14.794587171994722,1.4794587171994722,0.0,0.00373598959010381,0.08036358396594341,0.1102038063108921,1.7565647982634032,0.19300643763003442,0.0,0.2796080123919707,0.19300643763003442,0.037359895901038095,0.08036358396594341,0.41711172461509705
6.0,1.7289426510150616,0.471355676651001,6.894841311700376,14.267259634458101,1.42672596344581,0.0,0.005556874836866672,0.07512582637942754,0.11027705869995631,1.7289426510150616,0.22153399447695568,0.0,0.27005091080298793,0.22153399447695568,0.05556874836866672,0.07512582637942754,0.471355676651001
7.0,1.6820584260500395,0.4209987223148346,6.858148028896905,13.799839239854078,1.379983923985408,0.0,0.00569581832163609,0.08024544541079265,0.11646946978110534,1.6820584260500395,0.21613318036095455,0.0,0.27964827991448915,0.21613318036095455,0.0569581832163609,0.08024544541079265,0.4209987223148346
8.0,1.6279171430147612,0.34226226806640625,6.768791970972395,13.36759614944458,1.3367596149444578,0.0,0.005239623870987158,0.08151664040409602,0.11634850559326318,1.6279171430147612,0.20440123287531045,0.0,0.28216283137981707,0.20440123287531045,0.05239623870987158,0.08151664040409602,0.34226226806640625
9.0,1.5854918452409597,0.3528974950313568,6.72847317787615,13.01211298429049,1.301211298429049,0.0,0.005603676848113536,0.07662645297554824,0.11357306803648289,1.5854918452409597,0.2020503695194538,0.0,0.27298201620578766,0.2020503695194538,0.05603676848113537,0.07662645297554824,0.3528974950313568
10.0,1.555398716376378,0.17422382533550262,6.935853317324165,12.680891110346867,1.2680891110346868,0.0,0.005428661019183123,0.07537816636837445,0.11003145288962585,1.555398716376378,0.206502736116258,0.0,0.2721642232858218,0.206502736116258,0.054286610191831224,0.07537816636837445,0.17422382533550262
11.0,1.5012062191963196,0.689140260219574,6.644118133900067,12.316237669724684,1.2316237669724686,0.0,0.0063678821978660725,0.07735579948012646,0.10980614045491585,1.5012062191963196,0.18585878037489378,0.0,0.27355003356933594,0.18585878037489378,0.06367882197866073,0.07735579948012646,0.689140260219574
12.0,1.515535368369176,0.10998654365539551,6.9641201703702915,12.010957424457256,1.2010957424457258,0.0,0.00614886971620413,0.07971725440942325,0.10951578101286522,1.515535368369176,0.22857345841251886,0.0,0.27955999168065876,0.22857345841251886,0.0614886971620413,0.07971725440942325,0.10998654365539551
13.0,1.4697807935568004,0.5400152206420898,6.282909046549652,11.689669388991137,1.1689669388991137,0.0,0.006463986893112844,0.0757859332057146,0.10608250189286011,1.4697807935568004,0.21856393980292174,0.0,0.2694971492657295,0.21856393980292174,0.06463986893112843,0.0757859332057146,0.5400152206420898
14.0,1.4336138367652893,0.328798770904541,6.808533354187042,11.413994018848125,1.1413994018848126,0.0,0.008407636903799497,0.07088665922100727,0.10490347445011139,1.4336138367652893,0.2129201143174074,0.0,0.26320301110927874,0.2129201143174074,0.08407636903799497,0.07088665922100727,0.328798770904541
15.0,1.337646103822268,0.24992235004901886,6.490401624231811,10.981731653213501,1.0981731653213502,0.0,0.007346521891080417,0.07535913557960437,0.10399113423549212,1.337646103822268,0.15676723864789194,0.0,0.26982376208672154,0.15676723864789194,0.07346521891080417,0.07535913557960437,0.24992235004901886
16.0,1.2830872856653655,0.5894104838371277,6.271788369954074,10.660581240287193,1.0660581240287192,0.0,0.008885632856534077,0.06680732478316014,0.10126165529856315,1.2830872856653655,0.14133615612697142,0.0,0.25371986398330104,0.14133615612697142,0.08885632856534077,0.06680732478316014,0.5894104838371277
17.0,1.292218226652879,0.39473357796669006,6.575792607066045,10.301401871901293,1.0301401871901292,0.0,0.010960148131618134,0.06309901579068257,0.09637620930488293,1.292218226652879,0.18801888880821374,0.0,0.24719219024364764,0.18801888880821374,0.10960148131618133,0.06309901579068257,0.39473357796669006
18.0,1.2229629434072053,0.3868815004825592,6.618216924091324,9.821055595691387,0.9821055595691388,0.0,0.009368644855343378,0.06805220590187953,0.09836363849731591,1.2229629434072053,0.16343651353739774,0.0,0.2566020362652265,0.16343651353739774,0.09368644855343379,0.06805220590187953,0.3868815004825592
19.0,1.17840903538924,0.6208279728889465,6.2646547098888385,9.428536598499004,0.9428536598499003,0.0,0.008447418705775188,0.06150384992361069,0.09309743000910832,1.17840903538924,0.16560406581713602,0.0,0.24189962446689606,0.16560406581713602,0.08447418705775188,0.06150384992361069,0.6208279728889465
20.0,1.142315163062169,0.4951910078525543,6.221316670353868,9.06264121715839,0.9062641217158389,0.0,0.010055746138095855,0.05310614034533501,0.09044866951612326,1.142315163062169,0.172889131336258,0.0,0.2265965353984099,0.172889131336258,0.10055746138095856,0.05310614034533501,0.4951910078525543
21.0,1.0936162701019874,0.49961552023887634,6.49298254528307,8.61688573543842,0.8616885735438421,0.0,0.010434037934129057,0.05455795532235733,0.08959382428572728,1.0936162701019874,0.16693568136543036,0.0,0.22991633529846484,0.16693568136543036,0.10434037934129055,0.05455795532235733,0.49961552023887634
22.0,1.0288033989759593,0.6781051158905029,6.190369956678481,8.1967343550462,0.8196734355046199,0.0,0.009885589692455073,0.049331447969262414,0.08549936402302521,1.0288033989759593,0.14991289463180762,0.0,0.21711508929729462,0.14991289463180762,0.09885589692455071,0.049331447969262414,0.6781051158905029
23.0,0.9648136863341699,0.46400538086891174,6.193377587178559,7.781571516623864,0.7781571516623865,0.0,0.011214313054314027,0.0419163082081538,0.08205491676926613,0.9648136863341699,0.1335258834207287,0.0,0.20088469638274267,0.1335258834207287,0.11214313054314026,0.0419163082081538,0.46400538086891174
24.0,0.9299132480071142,0.41717052459716797,6.339393028746485,7.3351220534398,0.7335122053439801,0.0,0.011619537266401143,0.042568074682584174,0.08253173444133538,0.9299132480071142,0.14221343562866634,0.0,0.20327988725442153,0.14221343562866634,0.11619537266401145,0.042568074682584174,0.41717052459716797
25.0,0.8907983669867883,0.6711132526397705,6.21115802872824,6.903135831539448,0.6903135831539449,0.0,0.011924795233286347,0.03884352227816215,0.07783512627849212,0.8907983669867883,0.14971646071017647,0.0,0.19275523951420417,0.14971646071017647,0.11924795233286344,0.03884352227816215,0.6711132526397705
26.0,0.8349683055510888,0.9607999324798584,6.429046270410906,6.51871919631958,0.651871919631958,0.0,0.010838570560400303,0.03551579152162258,0.07521011880957164,0.8349683055510888,0.13674201973928854,0.0,0.18285486102104187,0.13674201973928854,0.10838570560400303,0.03551579152162258,0.9607999324798584
27.0,0.8356744280228248,0.691559374332428,6.124701115173247,6.139434319276076,0.6139434319276076,0.0,0.01110274906341846,0.0320139996564159,0.07148456831391041,0.8356744280228248,0.17861423799051687,0.0,0.17291861142103487,0.17861423799051687,0.11102749063418461,0.0320139996564159,0.691559374332428
28.0,0.7390704407141759,0.7535020709037781,6.261405545318228,5.755249720353347,0.5755249720353347,0.0,0.011988541025381824,0.030196812433692124,0.07322888477490498,0.7390704407141759,0.12136009692823371,0.0,0.1684465052989813,0.12136009692823371,0.11988541025381821,0.030196812433692124,0.7535020709037781
29.0,0.6979402555869176,0.8683164715766907,6.273931554216462,5.356608610886794,0.5356608610886794,0.0,0.011720948551709836,0.029043025337159634,0.07161621606120697,0.6979402555869176,0.12151540959110627,0.0,0.1645324075451264,0.12151540959110627,0.11720948551709835,0.029043025337159634,0.8683164715766907
30.0,0.6866917701867911,0.5325260758399963,6.146693785681901,5.031057522847102,0.5031057522847102,0.0,0.012154398314081707,0.025746993290690277,0.06871535514409725,0.6866917701867911,0.14568461642528957,0.0,0.15593993491851366,0.14568461642528957,0.12154398314081706,0.025746993290690277,0.5325260758399963
31.0,0.6396379929322463,0.6558111310005188,6.145875909646112,4.702122541574331,0.47021225415743323,0.0,0.013154154213575216,0.023297172612868823,0.06650699130617656,0.6396379929322463,0.13297441293700382,0.0,0.14925055836255735,0.13297441293700382,0.13154154213575217,0.023297172612868823,0.6558111310005188
32.0,0.6516575561119959,0.8068651556968689,6.457251640430111,4.481541890364427,0.4481541890364427,0.0,0.011166813511114853,0.023258623452140734,0.06644838102735005,0.6516575561119959,0.16907793347938702,0.0,0.14775298707760298,0.16907793347938702,0.11166813511114854,0.023258623452140734,0.8068651556968689
33.0,0.613072720857767,0.6645256876945496,5.42574101961588,4.162906986016494,0.41629069860164936,0.0,0.01055437165957231,0.02385264427329485,0.06555702852515075,0.613072720857767,0.16237499809861988,0.0,0.15063305428394905,0.16237499809861988,0.10554371659572308,0.02385264427329485,0.6645256876945496
34.0,0.5488587892972506,0.6715950965881348,5.958642217629272,3.9137397637734046,0.3913739763773405,0.0,0.0120739235327794,0.020216738518614035,0.06265615643217014,0.5488587892972506,0.1251941420310848,0.0,0.13948088998977953,0.1251941420310848,0.120739235327794,0.020216738518614035,0.6715950965881348
35.0,0.5446265248151926,0.7836069464683533,6.1551252109338765,3.9382406656558695,0.39382406656558694,0.0,0.011653770621006308,0.02507249230089096,0.06323873624205589,0.5446265248151926,0.11407618180741198,0.0,0.15198906740316978,0.11407618180741198,0.11653770621006306,0.02507249230089096,0.7836069464683533
36.0,0.5356160677396334,0.6102456450462341,6.12099141221209,3.749825743528513,0.3749825743528513,0.0,0.012088482081890107,0.022314236893390235,0.06422708871272895,0.5356160677396334,0.1262307705787512,0.0,0.14500408963515207,0.1262307705787512,0.12088482081890106,0.022314236893390235,0.6102456450462341
37.0,0.5266350416036752,0.5486300587654114,6.268533585983871,3.643642022059514,0.3643642022059514,0.0,0.011268141235296542,0.023947117169602558,0.061557548837019846,0.5266350416036752,0.1270555778621481,0.0,0.14860895791879067,0.1270555778621481,0.11268141235296543,0.023947117169602558,0.5486300587654114
38.0,0.5092851611284109,0.8034791350364685,6.100480450991361,3.4901528725257287,0.34901528725257286,0.0,0.012309164553880692,0.025200803280593112,0.0605350721340913,0.5092851611284109,0.12275989783497956,0.0,0.1523739638236853,0.12275989783497956,0.12309164553880692,0.025200803280593112,0.8034791350364685
39.0,0.4954489836326012,0.9813390374183655,6.224001940233875,3.3838445314994225,0.33838445314994225,0.0,0.011646345601632045,0.021013166289776564,0.05829482382306686,0.4954489836326012,0.124405013755537,0.0,0.1412744722687281,0.124405013755537,0.11646345601632045,0.021013166289776564,0.9813390374183655
40.0,0.5173831971792074,0.65757817029953,5.980289713441606,3.2866993959133444,0.32866993959133445,0.0,0.010963614714833406,0.020838102934738763,0.05568290845705913,0.5173831971792074,0.15691155252548364,0.0,0.1409197856600468,0.15691155252548364,0.10963614714833406,0.020838102934738763,0.65757817029953
41.0,0.4849474063286415,0.8697874546051025,5.89037626061673,3.262927926503695,0.3262927926503695,0.0,0.012716147590142031,0.017491842476794354,0.05272447174558273,0.4849474063286415,0.12844660476996347,0.0,0.12987699130406746,0.12844660476996347,0.1271614759014203,0.017491842476794354,0.8697874546051025
42.0,0.4906212893816141,0.9416511654853821,6.079861619549638,3.354400002039396,0.3354400002039396,0.0,0.01278777586726042,0.02193730564501423,0.05347528365942148,0.4906212893816141,0.12045620316460443,0.0,0.14015461045962113,0.12045620316460443,0.1278777586726042,0.02193730564501423,0.9416511654853821
43.0,0.5049279446785266,0.7163675427436829,6.044481975351029,3.332094458433298,0.3332094458433298,0.0,0.010735496477438856,0.0216728792203447,0.054157630182229556,0.5049279446785266,0.13931012698090994,0.0,0.1384881935440577,0.13931012698090994,0.10735496477438854,0.0216728792203447,0.7163675427436829
44.0,0.48364095045970035,0.8685974478721619,6.102611795900125,3.358336008512057,0.3358336008512056,0.0,0.011988176462741999,0.022443965847532336,0.05665191750113781,0.48364095045970035,0.11337521278227751,0.0,0.1431628795197377,0.11337521278227751,0.11988176462741998,0.022443965847532336,0.8685974478721619
45.0,0.477657682620562,1.0082799196243286,6.245082220080887,3.2412733206382165,0.3241273320638216,0.0,0.011564923708255476,0.022443819862718765,0.05362916422578005,0.477657682620562,0.11952158744232012,0.0,0.1435246868775441,0.11952158744232012,0.11564923708255474,0.022443819862718765,1.0082799196243286
46.0,0.48201675139940703,0.7023988366127014,5.943182917743264,3.046940574279198,0.30469405742791983,0.0,0.011046131471028694,0.019183317951571483,0.05114145462329571,0.48201675139940703,0.14709324518648478,0.0,0.1345707499063932,0.14709324518648478,0.11046131471028695,0.019183317951571483,0.7023988366127014
47.0,0.4568366901232646,0.9022495150566101,5.821450095572056,3.0137305168005137,0.30137305168005135,0.0,0.012918607575389058,0.018580833557420053,0.04957792449455995,0.4568366901232646,0.12396419915155722,0.0,0.13239526118223482,0.12396419915155722,0.12918607575389054,0.018580833557420053,0.9022495150566101
48.0,0.42617639211507946,1.0065926313400269,5.94406377940569,2.9825519965245175,0.29825519965245173,0.0,0.012646067085174415,0.0180262835481419,0.048918089614464685,0.42617639211507946,0.09724882702665547,0.0,0.13041157504686943,0.09724882702665547,0.12646067085174414,0.0180262835481419,1.0065926313400269
49.0,0.4843042618953265,0.9029595255851746,5.798558550935756,3.006356716156006,0.3006356716156006,0.0,0.011727576588208862,0.018401432424210586,0.0476312585748159,0.4843042618953265,0.15353957118573958,0.0,0.1296365771156091,0.15353957118573958,0.11727576588208859,0.018401432424210586,0.9029595255851746
50.0,0.46186423072448146,0.6398522257804871,5.966603030956457,2.9900272075946512,0.29900272075946516,0.0,0.01291949152946472,0.01652997646194238,0.047805277773967154,0.46186423072448146,0.13341203826264694,0.0,0.12481123896745536,0.13341203826264694,0.12919491529464722,0.01652997646194238,0.6398522257804871
51.0,0.436755881859706,0.6118451952934265,6.080647428406262,2.9429650948597836,0.2942965094859783,0.0,0.01005514026261293,0.02028877155568737,0.047457983574041955,0.436755881859706,0.11211545321230705,0.0,0.134717461008292,0.11211545321230705,0.1005514026261293,0.02028877155568737,0.6118451952934265
52.0,0.44514961311450374,0.8522217273712158,6.1483723622749835,3.0044787663679857,0.3004478766367986,0.0,0.010837440479260226,0.019545578827651646,0.047379828129823394,0.44514961311450374,0.11431870903246678,0.0,0.13341552420304373,0.11431870903246678,0.10837440479260224,0.019545578827651646,0.8522217273712158
53.0,0.4645556165621831,0.6965517401695251,6.182107848532818,3.0772134432425866,0.3077213443242587,0.0,0.01239415559058006,0.02353290583078678,0.0526310234115674,0.4645556165621831,0.1209071959870366,0.0,0.14567541445677096,0.1209071959870366,0.1239415559058006,0.02353290583078678,0.6965517401695251
54.0,0.4425152081709642,0.6755955815315247,6.178953630947212,3.0474669383122373,0.3047466938312237,0.0,0.01182711975505719,0.01690489465657335,0.04976768619739092,0.4425152081709642,0.10903649862246731,0.0,0.1269649020754374,0.10903649862246731,0.11827119755057189,0.01690489465657335,0.6755955815315247
55.0,0.41877332444374377,0.7373176217079163,6.158426085296361,2.815802427438589,0.28158024274385896,0.0,0.009602317328636463,0.02139948344287964,0.05351157658375227,0.41877332444374377,0.10619127585624273,0.0,0.1440745391524755,0.10619127585624273,0.09602317328636463,0.02139948344287964,0.7373176217079163
56.0,0.45862165781167835,0.784808874130249,5.936520550120024,2.853733475391681,0.28537334753916815,0.0,0.01069185037452441,0.01655195617618469,0.04868476092815399,0.45862165781167835,0.1460044992944369,0.0,0.1277017226585975,0.1460044992944369,0.1069185037452441,0.01655195617618469,0.784808874130249
57.0,0.4430940414850528,0.7639310359954834,6.091402552760754,2.898060624416058,0.2898060624416058,0.0,0.012155244155572011,0.017566336533771112,0.04413501631755095,0.4430940414850528,0.12356639417031637,0.0,0.12505436975222367,0.12356639417031637,0.1215524415557201,0.017566336533771112,0.7639310359954834
58.0,0.42838198175797093,0.5896415710449219,6.048329425622709,2.895933380493751,0.2895933380493751,0.0,0.010177764411155994,0.017962784900401648,0.046610633054604896,0.42838198175797093,0.11064808994818193,0.0,0.1283710077404976,0.11064808994818193,0.10177764411155994,0.017962784900401648,0.5896415710449219
59.0,0.4354155361652374,0.7567269802093506,5.474340103510372,2.8800137501496534,0.28800137501496537,0.0,0.01125316247344017,0.019219974485727456,0.047928580011312776,0.4354155361652374,0.11694101463693257,0.0,0.13412999075192672,0.11694101463693257,0.1125316247344017,0.019219974485727456,0.7567269802093506
60.0,0.4044888684382805,0.9032120108604431,6.014205100739812,2.730824057872479,0.27308240578724785,0.0,0.010871635692623947,0.017110564137020938,0.04668252771863571,0.4044888684382805,0.10342426182558903,0.0,0.1279250864799206,0.10342426182558903,0.10871635692623946,0.017110564137020938,0.9032120108604431
61.0,0.43106682483966535,0.9304792284965515,5.695980508723204,2.6695169118734507,0.2669516911873451,0.0,0.011935384227679324,0.017990142966692265,0.04729037961134544,0.43106682483966535,0.1341896032771239,0.0,0.13123327264418969,0.1341896032771239,0.11935384227679326,0.017990142966692265,0.9304792284965515
62.0,0.3911040597237073,0.9706559777259827,5.7041339614548185,2.7031171230169444,0.27031171230169443,0.0,0.011757948994636537,0.01335877742475042,0.04485649443589724,0.3911040597237073,0.09567561435771775,0.0,0.11412793799088551,0.09567561435771775,0.11757948994636536,0.01335877742475042,0.9706559777259827
63.0,0.44307495653629303,0.766167163848877,5.846798237605896,2.7948138071940494,0.279481380719405,0.0,0.011762929507173024,0.020189024400539123,0.04326008002345379,0.44307495653629303,0.1316416158269231,0.0,0.13128966150375512,0.1316416158269231,0.11762929507173024,0.020189024400539123,0.766167163848877
64.0,0.4289910953778487,0.7223029732704163,6.04767449481452,2.891417072369502,0.28914170723695026,0.0,0.011718574854043814,0.015218684055770818,0.046261259283010774,0.4289910953778487,0.11291212072739235,0.0,0.12157823145389557,0.11291212072739235,0.11718574854043814,0.015218684055770818,0.7223029732704163
65.0,0.39562884546243227,0.7415452599525452,5.938021192528783,2.664824751707224,0.2664824751707223,0.0,0.010788587509439543,0.020116973274315778,0.04458300110239249,0.39562884546243227,0.0982408135986099,0.0,0.13382616868385902,0.0982408135986099,0.10788587509439541,0.020116973274315778,0.7415452599525452
66.0,0.40110382781578946,1.0597325563430786,5.781135764966371,2.721235596216642,0.27212355962166423,0.0,0.012348220841242716,0.013967497381739892,0.04463465282550225,0.40110382781578946,0.10266455069470865,0.0,0.11598509435470288,0.10266455069470865,0.12348220841242717,0.013967497381739892,1.0597325563430786
67.0,0.4192021844478754,0.8083601593971252,5.843198010568377,2.56975440795605,0.25697544079560497,0.0,0.013295300476826156,0.01760287181689189,0.04635161447983522,0.4192021844478754,0.1313285608238612,0.0,0.1296578565469155,0.1313285608238612,0.13295300476826155,0.01760287181689189,0.8083601593971252
68.0,0.3772558443821393,0.7866455912590027,5.9626657770381915,2.6060086580423207,0.2606008658042321,0.0,0.010089145486171429,0.012469813227653503,0.0437561201934631,0.3772558443821393,0.09409601721339501,0.0,0.11027106871971717,0.09409601721339501,0.10089145486171429,0.012469813227653503,0.7866455912590027
69.0,0.4168203679414896,0.6169806122779846,6.024392416417777,2.6955265540343065,0.2695526554034306,0.0,0.010708904094420947,0.019363164865913298,0.04181843480238548,0.4168203679414896,0.11719563846082355,0.0,0.12961579228823,0.11719563846082355,0.10708904094420947,0.019363164865913298,0.6169806122779846
70.0,0.4220641782650581,0.7225579619407654,6.081726684625827,2.805199751487145,0.2805199751487145,0.0,0.011714991640586122,0.01605155408525696,0.0460990068431084,0.4220641782650581,0.11377765366341919,0.0,0.12487716227769852,0.11377765366341919,0.1171499164058612,0.01605155408525696,0.7225579619407654
71.0,0.3874210463120387,0.8091144561767578,5.989714654051094,2.5322205745256863,0.25322205745256865,0.0,0.010445393535953303,0.017864549174331702,0.04314189346937033,0.3874210463120387,0.10588904298268832,0.0,0.12821899010584906,0.10588904298268832,0.10445393535953301,0.017864549174331702,0.8091144561767578
72.0,0.39161664935258717,0.7576050758361816,5.906903791562384,2.541259664755601,0.2541259664755601,0.0,0.01100778436431518,0.01353614841802762,0.0420721465578446,0.39161664935258717,0.11294674600223796,0.0,0.11421454010101464,0.11294674600223796,0.11007784364315179,0.01353614841802762,0.7576050758361816
73.0,0.3719968910400684,0.7449238896369934,5.7498651517505,2.4524413622342625,0.24524413622342622,0.0,0.011679147671048457,0.017405876101782687,0.04509755424582041,0.3719968910400684,0.09766772335905653,0.0,0.1291135360415165,0.09766772335905653,0.11679147671048458,0.017405876101782687,0.7449238896369934
74.0,0.37583942940601933,1.0054031610488892,5.710543476538575,2.446145406136146,0.24461454061361462,0.0,0.012023186081877123,0.014502238410596665,0.04519453186255235,0.37583942940601933,0.10469945462850425,0.0,0.11912591067644265,0.10469945462850425,0.12023186081877121,0.014502238410596665,1.0054031610488892
75.0,0.396409626190479,0.8399446606636047,5.917897727055273,2.5574558148017297,0.25574558148017296,0.0,0.012655042427090498,0.017376070806326773,0.041131166311410755,0.396409626190479,0.11063292966439174,0.0,0.12343562279756252,0.11063292966439174,0.126550424270905,0.017376070806326773,0.8399446606636047
76.0,0.39667261563814604,0.8490212559700012,6.091298068331493,2.6844307000820455,0.2684430700082045,0.0,0.010613401950551913,0.014342214159954052,0.04304954595863819,0.39667261563814604,0.10327391269115302,0.0,0.11787212926607865,0.10327391269115302,0.10613401950551914,0.014342214159954052,0.8490212559700012
77.0,0.37584929397472966,0.8875064253807068,5.988241599519271,2.496722459793091,0.2496722459793091,0.0,0.011278921021864964,0.018601503008260176,0.041808392852544785,0.37584929397472966,0.09629662091342303,0.0,0.12827161069099718,0.09629662091342303,0.11278921021864964,0.018601503008260176,0.8875064253807068
78.0,0.3884086666198877,0.6939616203308105,5.965706044331855,2.5807070457018337,0.25807070457018344,0.0,0.01207419032087693,0.012720691971480846,0.04315542286405197,0.3884086666198877,0.10554307067874245,0.0,0.11044574471620414,0.10554307067874245,0.12074190320876929,0.012720691971480846,0.6939616203308105
79.0,0.38401042268826413,0.8148381114006042,5.841233031833839,2.3538131759716916,0.23538131759716913,0.0,0.011434392717022162,0.01913879245806199,0.04764687097989596,0.38401042268826413,0.1180559188270798,0.0,0.13532744004176214,0.1180559188270798,0.11434392717022163,0.01913879245806199,0.8148381114006042
80.0,0.369994390469331,0.8883333206176758,6.06451477849517,2.450270542731652,0.2450270542731652,0.0,0.00999869188437095,0.012808158169858731,0.04426272442707649,0.369994390469331,0.10216048030326,0.0,0.11170158592554238,0.10216048030326,0.0999869188437095,0.012808158169858731,0.8883333206176758
81.0,0.4249029148083467,0.8144712448120117,5.958023842230531,2.6077030988839955,0.26077030988839955,0.0,0.010452220187737392,0.023022094472812917,0.041183882321302705,0.4249029148083467,0.1306582850475724,0.0,0.13550005194086295,0.1306582850475724,0.10452220187737392,0.023022094472812917,0.8144712448120117
82.0,0.40393701883462757,0.7559809684753418,6.104270939444751,2.8005510018422055,0.28005510018422053,0.0,0.011779362393113287,0.012598997734200496,0.043261278563967116,0.40393701883462757,0.09950355288142768,0.0,0.1105725782421919,0.09950355288142768,0.11779362393113282,0.012598997734200496,0.7559809684753418
83.0,0.3624519201425406,0.8345161080360413,5.805127240877474,2.299154052367577,0.22991540523675771,0.0,0.010916570516733023,0.01645615381690172,0.04238747232235395,0.3624519201425406,0.10516378254844592,0.0,0.1242645806991137,0.10516378254844592,0.10916570516733023,0.01645615381690172,0.8345161080360413
84.0,0.3779069563517204,0.834098756313324,6.024036795704682,2.3242177000412574,0.23242177000412573,0.0,0.010983820058978522,0.012314329031281747,0.03964574291155888,0.3779069563517204,0.12218703458515498,0.0,0.10879573799096622,0.12218703458515498,0.1098382005897852,0.012314329031281747,0.834098756313324
85.0,0.33846775728922623,0.8594833016395569,5.8215993078278565,2.2673318202678976,0.22673318202678974,0.0,0.01076146957392876,0.01518466456148487,0.04086814247644865,0.33846775728922623,0.08578843199827063,0.0,0.1195678894336407,0.08578843199827063,0.1076146957392876,0.01518466456148487,0.8594833016395569
86.0,0.36573977080675274,0.9599348902702332,5.614885112411361,2.236097193681277,0.22360971936812765,0.0,0.013105947295060526,0.012916799527234755,0.041826924738975674,0.36573977080675274,0.11610729548220451,0.0,0.11184105563622254,0.11610729548220451,0.13105947295060524,0.012916799527234755,0.9599348902702332
87.0,0.3781267599417613,0.9320476651191711,5.9111330001587215,2.2811399698257446,0.22811399698257445,0.0,0.011437645038733115,0.015859251018040456,0.04074777404849346,0.3781267599417613,0.12271585687994957,0.0,0.12082865433051036,0.12271585687994957,0.11437645038733116,0.015859251018040456,0.9320476651191711
88.0,0.3894760448199052,0.926724910736084,5.7764605553534745,2.3870984499271097,0.23870984499271103,0.0,0.011729931000333566,0.014065593731804537,0.0408063678500744,0.3894760448199052,0.12497067179244298,0.0,0.11607676228651634,0.12497067179244298,0.11729931000333566,0.014065593731804537,0.926724910736084
89.0,0.34596775472164154,0.8907265067100525,5.8883137384057544,2.269762736100417,0.2269762736100417,0.0,0.011696005211426662,0.016705110490035553,0.04122124153834123,0.34596775472164154,0.09059036528476729,0.0,0.12363431602716446,0.09059036528476729,0.11696005211426662,0.016705110490035553,0.8907265067100525
90.0,0.35686701192305637,0.7346398830413818,5.817789246079777,2.266937888585604,0.22669378885856045,0.0,0.01229280196130276,0.012573111121757673,0.04113916250375601,0.35686701192305637,0.10530730043179713,0.0,0.10906495325840436,0.10530730043179713,0.12292801961302757,0.012573111121757673,0.7346398830413818
91.0,0.35318163151924425,0.638116180896759,5.932291806408552,2.207427056936117,0.2207427056936117,0.0,0.010760049521923064,0.018092770057802018,0.046094937106737725,0.35318163151924425,0.10358610319403502,0.0,0.13132300801002061,0.10358610319403502,0.10760049521923065,0.018092770057802018,0.638116180896759
92.0,0.3547489574322334,0.8999910354614258,5.781979321847942,2.2556296724539537,0.2255629672453954,0.0,0.01050544661971239,0.013485265465883108,0.04289412756378834,0.3547489574322334,0.10519527343030159,0.0,0.11448416343102089,0.10519527343030159,0.1050544661971239,0.013485265465883108,0.8999910354614258
93.0,0.37944053228084856,0.8759353160858154,5.79682686550978,2.469032599375798,0.24690325993757983,0.0,0.012616484153729218,0.029402257265666358,0.043322637533912293,0.37944053228084856,0.09051852780752458,0.0,0.14999802210010016,0.09051852780752458,0.12616484153729218,0.029402257265666358,0.8759353160858154
94.0,0.3964728220151021,0.8027978539466858,5.971052334464421,2.699761253136855,0.2699761253136855,0.0,0.011124766933230255,0.010866613342211796,0.041509633883833885,0.3964728220151021,0.10450530818735178,0.0,0.1030216715656794,0.10450530818735178,0.11124766933230254,0.010866613342211796,0.8027978539466858
95.0,0.3306105618293469,1.0485674142837524,5.689171568789268,2.0929862077419576,0.20929862077419573,0.0,0.011996813777547617,0.014756063823229991,0.0400912520977167,0.3306105618293469,0.09455906212902986,0.0,0.11856461201722805,0.09455906212902986,0.11996813777547616,0.014756063823229991,1.0485674142837524
96.0,0.3686274037911342,0.7590357661247253,5.746105526170051,2.152840261275952,0.2152840261275952,0.0,0.013691618637396739,0.01542096076389918,0.039246756296891436,0.3686274037911342,0.12423079460859299,0.0,0.11783244432165073,0.12423079460859299,0.13691618637396738,0.01542096076389918,0.7590357661247253
97.0,0.3542670962902216,0.6682779788970947,5.956785010688318,2.1660059782174916,0.21660059782174923,0.0,0.009995679184794427,0.010909583777762376,0.038120320496650845,0.3542670962902216,0.11676122491749433,0.0,0.10242384614852759,0.11676122491749433,0.09995679184794426,0.010909583777762376,0.6682779788970947
98.0,0.36351324503238386,0.7623564600944519,5.7963385103938805,2.151079549239232,0.21510795492392323,0.0,0.010156984140093512,0.018881120432454806,0.041594572365283966,0.36351324503238386,0.11936718605172175,0.0,0.12921942140047366,0.11936718605172175,0.1015698414009351,0.018881120432454806,0.7623564600944519
99.0,0.35321256862236905,0.8078133463859558,5.890096411526725,2.30018399311946,0.23001839931194598,0.0,0.011809347856503265,0.011060838730862508,0.040023710005558454,0.35321256862236905,0.10032397651901612,0.0,0.1039661650474255,0.10032397651901612,0.11809347856503266,0.011060838730862508,0.8078133463859558
100.0,0.3272096858574794,0.8668840527534485,5.765658708361188,2.0928610425729017,0.2092861042572902,0.0,0.011360608557095893,0.02080002950074581,0.04364923745966875,0.3272096858574794,0.0857629387621553,0.0,0.13516127375456002,0.0857629387621553,0.11360608557095894,0.02080002950074581,0.8668840527534485
101.0,0.3337585570720526,0.8395669460296631,5.864265189754581,2.2361538593585673,0.2236153859358567,0.0,0.011260270728514744,0.011228809957034312,0.039933772900929816,0.3337585570720526,0.0876540752271047,0.0,0.10428290699536984,0.0876540752271047,0.11260270728514744,0.011228809957034312,0.8395669460296631
102.0,0.3381037414073944,0.9329864978790283,5.74486850658197,2.1141038032678456,0.21141038032678455,0.0,0.011835231832586803,0.02205175147033655,0.04464507618775734,0.3381037414073944,0.0928063731497297,0.0,0.13921462515225777,0.0928063731497297,0.11835231832586803,0.02205175147033655,0.9329864978790283
103.0,0.3300554179228269,0.895762026309967,5.472662671335958,2.16273623246413,0.216273623246413,0.0,0.012400875985622407,0.01234622450115589,0.04207729433591549,0.3300554179228269,0.08903468555833499,0.0,0.1092454779606599,0.08903468555833499,0.12400875985622406,0.01234622450115589,0.895762026309967
104.0,0.3308788033632132,0.8265753388404846,5.560051066444303,2.015330236691695,0.20153302366916945,0.0,0.010455393647918336,0.01681403095762317,0.042672643867822796,0.3308788033632132,0.1020763552117457,0.0,0.1250516577408864,0.1020763552117457,0.10455393647918335,0.01681403095762317,0.8265753388404846
105.0,0.36410332643068755,0.860986053943634,5.681923148316039,2.07285180917153,0.207285180917153,0.0,0.010975963163834352,0.011513235656401286,0.039195567942582644,0.36410332643068755,0.134328940945964,0.0,0.10545035623587094,0.134328940945964,0.10975963163834351,0.011513235656401286,0.860986053943634
106.0,0.3334577542084914,0.8199945092201233,5.835913527284016,2.060428124207717,0.20604281242077166,0.0,0.01149329482935942,0.02284316149038764,0.044456025012410604,0.3334577542084914,0.09307848382741213,0.0,0.1409169670480948,0.09307848382741213,0.11493294829359421,0.02284316149038764,0.8199945092201233
107.0,0.33109796849580914,0.9163290858268738,5.801209680785562,2.207563822086041,0.2207563822086041,0.0,0.011293904139445378,0.011180394973892432,0.040355366153212696,0.33109796849580914,0.087867276241573,0.0,0.10374408673781615,0.087867276241573,0.11293904139445378,0.011180394973892432,0.9163290858268738
108.0,0.31468271062924313,0.9393205046653748,5.701332002056181,1.9901385307312012,0.19901385307312014,0.0,0.011721774620505481,0.01684951366713414,0.042006021222242944,0.31468271062924313,0.08709756843745708,0.0,0.12458333831567031,0.08709756843745708,0.11721774620505479,0.01684951366713414,0.9393205046653748
109.0,0.3049387037754059,0.8719143271446228,5.770276661405386,1.9569051953462453,0.19569051953462455,0.0,0.011925338151363228,0.012380074387272963,0.040007539380055204,0.3049387037754059,0.08494276968905559,0.0,0.10901785298035695,0.08494276968905559,0.11925338151363227,0.012380074387272963,0.8719143271446228
110.0,0.3050997956440999,0.7648696899414062,5.677725000599495,1.9128435529195345,0.19128435529195348,0.0,0.011542950140742154,0.015187327069445299,0.04120614350988315,0.3050997956440999,0.08708516193123964,0.0,0.11944252195266578,0.08708516193123964,0.11542950140742156,0.015187327069445299,0.7648696899414062
111.0,0.30841496128302354,0.7062501907348633,5.96081777446718,1.9586682594739473,0.19586682594739474,0.0,0.010074422279229531,0.013676339473861914,0.040843029148303546,0.30841496128302354,0.08879737756573237,0.0,0.11494906475910774,0.08879737756573237,0.10074422279229531,0.013676339473861914,0.7062501907348633
112.0,0.3554201275110245,0.7635688781738281,5.7709229998018525,2.023696161233462,0.2023696161233462,0.0,0.010386524636011859,0.02465542760462715,0.0476266981030886,0.3554201275110245,0.11800855769811627,0.0,0.1497537103983072,0.11800855769811627,0.10386524636011857,0.02465542760462715,0.7635688781738281
