epoch,train_loss,val_window_mae_kwh,grad_norm,l_state,w_state,w_boundary,w_prior,w_dynamics,dynamics_residual_mae,loss,l_window,l_boundary,dynamics_residual_rmse,w_window,l_prior,l_dynamics,val_mae_soc_event_0.1,val_mae_soc_event_0.2,val_mae_soc_event_0.5,val_mae_time_60s,val_mae_time_120s,val_mae_time_300s,val_mae_time_600s,val_mae_full_trip
0.0,2.1172592685772824,0.0708788059419021,0.82998417591001,19.821431380051834,1.9821431380051835,0.0,0.00015764117919248887,0.0,0.014375393278896809,2.1172592685772824,0.13495842080849868,0.0,0.018890537035006743,0.13495842080849868,0.0015764117919248887,0.00037517445721627714,0.013541151769459248,0.01422193180769682,0.016795100644230843,0.013349288143217564,0.022416237741708755,0.04951132461428642,0.08395206183195114,0.353243350982666
1.0,2.0149457225432763,0.09094925434328616,1.0154011583168396,19.38145586160513,1.938145586160513,0.0,0.0016461404112096017,0.0,0.020478567108511925,2.0149457225432763,0.07515393928266488,0.0,0.03262517171410414,0.07515393928266488,0.016461404112096015,0.0012745210171068232,0.013990124687552452,0.014817021787166595,0.017514359205961227,0.01315472461283207,0.023106949403882027,0.05256228521466255,0.08900610357522964,0.5034424662590027
2.0,1.8713930936960073,0.08286763855721802,1.2191446769139993,18.04841815508329,1.8048418155083292,0.0,0.002990593832845871,0.0,0.0494135540838425,1.8713930936960073,0.0635606269710339,0.0,0.11872822619401492,0.0635606269710339,0.02990593832845871,0.016244401438878134,0.013155953027307987,0.014066841453313828,0.016630491241812706,0.012579724192619324,0.02189730852842331,0.04975716024637222,0.08504491299390793,0.4498087167739868
3.0,1.7266390438263233,0.06576979567762464,1.1460598491602514,16.676973746373104,1.66769737463731,0.0,0.003952912685389703,0.0,0.11826062918855594,1.7266390438263233,0.05498874502686354,0.0,0.3063624512690764,0.05498874502686354,0.03952912685389702,0.09824511380149768,0.012431327253580093,0.013369950465857983,0.015510817989706993,0.01225634291768074,0.020476998761296272,0.04482086002826691,0.07887890934944153,0.3284131586551666
4.0,1.6216721809827364,0.09779325395356864,1.1107938168079152,15.625983018141527,1.562598301814153,0.0,0.005126346189242143,0.0,0.18963491171598434,1.6216721809827364,0.05394752466907868,0.0,0.4792892405619988,0.05394752466907868,0.05126346189242143,0.24016570471800291,0.013189439661800861,0.014286764897406101,0.016717148944735527,0.012726753018796444,0.022405210882425308,0.04990944266319275,0.09086798876523972,0.5622432827949524
5.0,1.5350860426059136,0.046187349245883524,1.303467217659087,14.668611012972319,1.4668611012972321,0.0,0.0037047165875824604,0.0,0.21695621884786165,1.5350860426059136,0.06452018122833508,0.0,0.5561571969435766,0.06452018122833508,0.0370471658758246,0.3257252906377499,0.012299202382564545,0.012992664240300655,0.015448869206011295,0.012242809869349003,0.019967779517173767,0.04460853710770607,0.07751654833555222,0.17442238330841064
6.0,1.459165944502904,0.07387533213477582,1.5158479133224687,13.992374823643612,1.399237482364361,0.0,0.0033373999194456984,0.0,0.20016412551586443,1.459165944502904,0.05659101416285221,0.0,0.5639810332885156,0.05659101416285221,0.03337399919445698,0.33012157907852757,0.012939109466969967,0.013833488337695599,0.01643337309360504,0.012490169145166874,0.021216843277215958,0.04828114062547684,0.0836198553442955,0.38218867778778076
7.0,1.4119477684681232,0.07411922595929354,1.590530379338463,13.480672249427208,1.348067224942721,0.0,0.004597269471448202,0.0,0.18251555183759102,1.4119477684681232,0.05928328833900965,0.0,0.5997302784369543,0.05928328833900965,0.04597269471448202,0.367967725946353,0.013126282952725887,0.014093593694269657,0.01661001518368721,0.012638111598789692,0.021392488852143288,0.048660267144441605,0.08567395806312561,0.3807590901851654
8.0,1.3876458819095905,0.06095345504581928,1.6941687878595195,13.242555618286133,1.3242555618286134,0.0,0.003986700910788316,0.0,0.18475406215741083,1.3876458819095905,0.05940357208825075,0.0,0.6519256944839771,0.05940357208825075,0.03986700910788316,0.436057074711873,0.012859288603067398,0.01368009950965643,0.016284657642245293,0.012440101243555546,0.020900456234812737,0.04751580208539963,0.08152135461568832,0.2824258804321289
9.0,1.3661838815762446,0.06350756797473878,1.7446943878197627,13.043612773601826,1.3043612773601827,0.0,0.0032551985950424116,0.0,0.18466614759885347,1.3661838815762446,0.058567401594840564,0.0,0.6660172182780045,0.058567401594840564,0.03255198595042412,0.4550873568424812,0.012827160768210888,0.013666758313775063,0.01625865511596203,0.01239084079861641,0.020878072828054428,0.047409240156412125,0.08140382170677185,0.3032259941101074
10.0,1.3526393862871022,0.06006824295036495,1.8121323427444327,12.901365316831148,1.290136531683115,0.0,0.0038172255771664475,0.0,0.1863745072713265,1.3526393862871022,0.05868557511040798,0.0,0.6738895796812497,0.05868557511040798,0.03817225577166447,0.466794239786955,0.012678314000368118,0.013486789539456367,0.016071375459432602,0.012287542223930359,0.020623590797185898,0.04673013091087341,0.08034857362508774,0.2783196270465851
11.0,1.3400296431321363,0.048607478267513216,1.8494205140872249,12.784735239469088,1.2784735239469087,0.0,0.0033506152649911553,0.0,0.1862662549202259,1.3400296431321363,0.05820551586265747,0.0,0.670352408519158,0.05820551586265747,0.03350615264991155,0.46316647873475003,0.012398145161569118,0.013150004670023918,0.01563193090260029,0.012246627360582352,0.020227402448654175,0.0450187623500824,0.07760811597108841,0.19257883727550507
12.0,1.3262900526706989,0.0752591141499579,1.8647544239590006,12.662313571343056,1.2662313571343056,0.0,0.0038715715878284897,0.0,0.18398170173168182,1.3262900526706989,0.05618710142488663,0.0,0.6458155444035163,0.05618710142488663,0.038715715878284894,0.4323221238759848,0.012890334241092205,0.013826458714902401,0.016397902742028236,0.012398937717080116,0.021249519661068916,0.04810219630599022,0.08298813551664352,0.39421942830085754
13.0,1.3142127669774568,0.05703706375788897,1.8260623958604194,12.525181696965145,1.2525181696965144,0.0,0.004149256245448039,0.0,0.18515003300630128,1.3142127669774568,0.05754533352760168,0.0,0.6257138229333438,0.05754533352760168,0.041492562454480394,0.4068605498625682,0.01240773405879736,0.013193302787840366,0.01574338786303997,0.01215327251702547,0.02037758007645607,0.04572094976902008,0.07849656790494919,0.2582037150859833
14.0,1.294671425452599,0.045237190439365804,1.872812781273028,12.35456661077646,1.2354566610776463,0.0,0.0033809853860965145,0.0,0.18578859647879234,1.294671425452599,0.05583373844050444,0.0,0.5897275507450104,0.05583373844050444,0.03380985386096514,0.3651794854264993,0.01218272466212511,0.012870709411799908,0.015244735404849052,0.012263716198503971,0.020069189369678497,0.04430931434035301,0.07566416263580322,0.16929297149181366
15.0,1.2660893706174998,0.08461562928277999,1.768682837634048,12.100690511556772,1.2100690511556773,0.0,0.0038931017884841334,0.0,0.19289806255927452,1.2660893706174998,0.05212720239964815,0.0,0.5552152464023004,0.05212720239964815,0.03893101788484133,0.3249641874661812,0.013290533795952797,0.014336789958178997,0.01687619835138321,0.012689949944615364,0.02214955724775791,0.049477532505989075,0.08697611838579178,0.4611283540725708
16.0,1.2390688359737396,0.05977162439376116,1.736273577882564,11.787295304811918,1.1787295304811918,0.0,0.004714865065537967,0.0,0.19610498788265082,1.2390688359737396,0.05562439632530396,0.0,0.5401082612000979,0.05562439632530396,0.04714865065537966,0.3162285943443959,0.012432131916284561,0.013258482329547405,0.015739960595965385,0.01211234088987112,0.020429503172636032,0.04552355408668518,0.07830633968114853,0.28037068247795105
17.0,1.2043235439520616,0.043685106677003205,1.681148626371407,11.476629899098324,1.1476629899098323,0.0,0.0042847118412072845,0.0,0.20144025866801923,1.2043235439520616,0.052375820107184924,0.0,0.5471945542555589,0.052375820107184924,0.042847118412072845,0.33074357303289265,0.012001989409327507,0.012649433687329292,0.014867021702229977,0.012135840952396393,0.019890056923031807,0.04398734122514725,0.07529789209365845,0.15865127742290497
18.0,1.1755448144215803,0.0673450049944222,1.747498678125346,11.198569829647358,1.119856982964736,0.0,0.004578875227329823,0.0,0.2025960311293602,1.1755448144215803,0.05110894473126301,0.0,0.5563786281989171,0.05110894473126301,0.045788752273298226,0.3320843101694034,0.012487978674471378,0.01338206510990858,0.015794504433870316,0.012161077931523323,0.020780296996235847,0.04588530957698822,0.07988978177309036,0.33837902545928955
19.0,1.131456950536141,0.0488818078301847,1.7920287549770786,10.737184212757992,1.073718421275799,0.0,0.005000316896117652,0.0,0.21482427475544122,1.131456950536141,0.052738189697265625,0.0,0.5867888698211083,0.052738189697265625,0.05000316896117651,0.3696238026022911,0.012082308530807495,0.01285745669156313,0.015154850669205189,0.01204448752105236,0.020220227539539337,0.043396662920713425,0.075652115046978,0.19964635372161865
20.0,1.090300413278433,0.04505174094811082,1.8200107334257944,10.351741002156185,1.0351741002156185,0.0,0.004843313906055232,0.0,0.22162781827724898,1.090300413278433,0.05028299715083379,0.0,0.5968624605582311,0.05028299715083379,0.048433139060552306,0.3775798655473269,0.011845803819596767,0.012588460929691792,0.014792581088840961,0.011836794205009937,0.01974102295935154,0.04278123751282692,0.0751081183552742,0.17171990871429443
21.0,1.0619516395605528,0.04817652876954526,1.9183000087255349,10.054238209357628,1.0054238209357629,0.0,0.005364274591780627,0.0,0.2366792788872352,1.0619516395605528,0.05116353728450262,0.0,0.648358743924361,0.05116353728450262,0.05364274591780626,0.44341544348459977,0.011963032186031342,0.012649239972233772,0.014712009578943253,0.012067089788615704,0.019697288051247597,0.04354095831513405,0.07488789409399033,0.19589471817016602
22.0,1.011161623092798,0.0687376328278333,1.8969726593001477,9.549444345327524,0.9549444345327522,0.0,0.005406583816959307,0.0,0.25085345197182435,1.011161623092798,0.0508105863745396,0.0,0.6917824630553906,0.0508105863745396,0.05406583816959308,0.5034639846820098,0.01232745312154293,0.01318331342190504,0.015551138669252396,0.01201611664146185,0.02059478871524334,0.04503986984491348,0.07932848483324051,0.3518598973751068
23.0,0.9817248238967016,0.051487938850186765,2.0083537311520705,9.232775211334229,0.9232775211334231,0.0,0.004881448341676823,0.0,0.26238594261499554,0.9817248238967016,0.053565832857902236,0.0,0.7118281355270972,0.053565832857902236,0.04881448341676822,0.5317270686993232,0.012201990000903606,0.012876411899924278,0.015010454691946507,0.012418068014085293,0.020084405317902565,0.04442066699266434,0.07541617006063461,0.21947534382343292
24.0,0.9667391708263984,0.12088534166105092,2.293376777510823,9.071656502210176,0.9071656502210179,0.0,0.005112286241581807,0.0,0.2732444657729222,0.9667391708263984,0.05446121282875538,0.0,0.7784833266184881,0.05446121282875538,0.051122862415818066,0.6396940511006576,0.014302332885563374,0.015600297600030899,0.018221378326416016,0.013537024147808552,0.024209942668676376,0.05587363243103027,0.10192734003067017,0.7234107851982117
25.0,0.9492244605834668,0.05352680163923651,2.3394445654343605,8.770209312438965,0.8770209312438967,0.0,0.005467976457797564,0.0,0.3099948763847351,0.9492244605834668,0.06673552081562005,0.0,0.8785871404867905,0.06673552081562005,0.05467976457797564,0.8078077573042649,0.012227065861225128,0.01300075650215149,0.015293576754629612,0.012225700542330742,0.02042551152408123,0.04403919726610184,0.07699770480394363,0.2340048998594284
26.0,0.906559387078652,0.05041261308360845,2.28463186788975,8.465068963857798,0.8465068963857798,0.0,0.003735210861151035,0.0,0.2703461807507735,0.906559387078652,0.05631727839891727,0.0,0.755469982440655,0.05631727839891727,0.03735210861151035,0.600594027684285,0.0121799660846591,0.012947725132107735,0.015252823010087013,0.012159749865531921,0.020389052107930183,0.0439763069152832,0.07627241313457489,0.21012286841869354
27.0,0.8829124271869659,0.05666361644398421,2.294898420701063,8.272518231318546,0.8272518231318546,0.0,0.004270129092037678,0.0,0.2633911749491325,0.8829124271869659,0.05139045488949005,0.0,0.7483757321651165,0.05139045488949005,0.04270129092037678,0.5947424792326413,0.012173641473054886,0.01297750324010849,0.015316275879740715,0.011973387561738491,0.020137498155236244,0.04402487352490425,0.07671365886926651,0.2599920928478241
28.0,0.8749216405244974,0.048732680385001004,2.312802441968787,8.176845532197218,0.8176845532197219,0.0,0.004818497841747908,0.0,0.2667638029043491,0.8749216405244974,0.05241858429060532,0.0,0.820058694252601,0.05241858429060532,0.048184978417479075,0.7218416516597455,0.011969249695539474,0.012702159583568573,0.014916472136974335,0.01189363468438387,0.019958071410655975,0.0432712584733963,0.07591189444065094,0.19923870265483856
29.0,0.8232182631125817,0.0425838801311329,2.031729645970548,7.681687061603252,0.7681687061603254,0.0,0.004627730697393417,0.0,0.2742898085942635,0.8232182631125817,0.05042179745550339,0.0,0.8004446625709534,0.05042179745550339,0.046277306973934174,0.6724494970761813,0.012160029262304306,0.012806296348571777,0.014918673783540726,0.012258472852408886,0.02029108814895153,0.0446205660700798,0.07599042356014252,0.14762549102306366
30.0,0.784787329343649,0.07819436804857105,2.0128706060464996,7.285118103027344,0.7285118103027345,0.0,0.004877928228905568,0.0,0.26096125634816975,0.784787329343649,0.05139757048052091,0.0,0.7506075822390043,0.05139757048052091,0.048779282289055675,0.592104774255019,0.012539866380393505,0.013421577401459217,0.01589115709066391,0.012114970944821835,0.021051697432994843,0.04623187705874443,0.08114109933376312,0.42316269874572754
31.0,0.7633669490997608,0.05271897721104324,1.9923898053595663,7.0128260759206915,0.7012826075920692,0.0,0.004778694791289477,0.0,0.26878060629734624,0.7633669490997608,0.05730564491106914,0.0,0.7928504026853122,0.05730564491106914,0.04778694791289476,0.6611680663548983,0.012116877362132072,0.01287851296365261,0.015262430533766747,0.011975612491369247,0.020008422434329987,0.04383758455514908,0.07605163753032684,0.22962073981761932
32.0,0.7325136799078721,0.04417462053243071,1.9435064247794096,6.7695737435267525,0.6769573743526751,0.0,0.0037667739133422197,0.0,0.2500954201588264,0.7325136799078721,0.05178952116805773,0.0,0.7340280230228717,0.05178952116805773,0.03766773913342219,0.5677561278526599,0.012102722190320492,0.01276178564876318,0.014972575008869171,0.012197443284094334,0.020012112334370613,0.04413418844342232,0.0744037851691246,0.16281235218048096
33.0,0.711194648192479,0.040813550469465554,2.021153333194915,6.56450944680434,0.6564509446804342,0.0,0.004320431844546246,0.0,0.23851489562254685,0.711194648192479,0.050423241435335234,0.0,0.6929227709770203,0.050423241435335234,0.04320431844546245,0.5017157013599689,0.012111230753362179,0.012757503427565098,0.014853482134640217,0.012219984084367752,0.020123548805713654,0.04428921639919281,0.07526610046625137,0.13488733768463135
34.0,0.6807560187119704,0.04567971231881529,1.7506179879527803,6.251265965975248,0.6251265965975249,0.0,0.004713345362016788,0.0,0.23553816171792838,0.6807560187119704,0.05091607026182688,0.0,0.7047886504576757,0.05091607026182688,0.04713345362016788,0.5251218837041122,0.01203717477619648,0.012646827846765518,0.014733369462192059,0.012084972113370895,0.020144693553447723,0.04379533231258392,0.07541828602552414,0.1745770424604416
35.0,0.6582766221119807,0.05292667099274695,1.8190027090010061,6.029459623190073,0.6029459623190074,0.0,0.004732806192567715,0.0,0.20426905613679153,0.6582766221119807,0.050597842496175036,0.0,0.5777231088051429,0.050597842496175036,0.04732806192567715,0.3501995698763774,0.012234250083565712,0.012842356227338314,0.014902949333190918,0.012459862045943737,0.02040158025920391,0.04486849904060364,0.07578372210264206,0.2299201488494873
36.0,0.6323269147139329,0.041104634292423725,1.9557422324595848,5.74679943231436,0.5746799432314359,0.0,0.004589641781953665,0.0,0.2016752316401555,0.6323269147139329,0.053057315544440195,0.0,0.5358394590707926,0.053057315544440195,0.04589641781953665,0.29754658272633183,0.012041283771395683,0.012656798586249352,0.014769324101507664,0.012177915312349796,0.02001119591295719,0.04379202425479889,0.07407383620738983,0.1393146961927414
37.0,0.588407074029629,0.040774151450023055,1.6009746804868084,5.324104740069463,0.5324104740069463,0.0,0.004501308658375191,0.0,0.20536338136746332,0.588407074029629,0.051495289286741845,0.0,0.5152158897656661,0.051495289286741845,0.0450130865837519,0.2740110479868375,0.012069773860275745,0.012682152912020683,0.014808517880737782,0.012201191857457161,0.020221710205078125,0.04377966746687889,0.07394406944513321,0.13648612797260284
38.0,0.5345697953150823,0.05448534246534109,1.5968020541768164,4.792485613089341,0.4792485613089342,0.0,0.004511635836500388,0.0,0.17836476690494096,0.5345697953150823,0.050809585131131686,0.0,0.42603230705628026,0.050809585131131686,0.04511635836500388,0.18628812638612893,0.012329201214015484,0.01294814795255661,0.015002029947936535,0.012641889974474907,0.020526453852653503,0.04506216570734978,0.07509566098451614,0.24227719008922577
39.0,0.503446754354697,0.06382071075495332,1.5342030184948359,4.454713775561406,0.44547137755614064,0.0,0.004858024633274629,0.0,0.18484385025042754,0.503446754354697,0.05311735576161972,0.0,0.4364027678966522,0.05311735576161972,0.04858024633274628,0.1965852018732291,0.012235164642333984,0.013003707863390446,0.015331209637224674,0.01215884555131197,0.020801808685064316,0.044329382479190826,0.07708386331796646,0.3156217038631439
40.0,0.4900658256732501,0.05299817956984043,1.644064283264269,4.320448499459487,0.4320448499459486,0.0,0.004858405529879608,0.0,0.1810086375245681,0.4900658256732501,0.05316255986690521,0.0,0.43209999799728394,0.05316255986690521,0.048584055298796065,0.19203253950063998,0.012222169898450375,0.012935297563672066,0.01524836104363203,0.012275444343686104,0.02074061892926693,0.04432098940014839,0.07590179145336151,0.23034076392650604
41.0,0.45389363972040325,0.048238082556053996,1.64253689642684,3.975560500071599,0.39755605000716,0.0,0.004246062455842128,0.0,0.17881463353450483,0.45389363972040325,0.05209152242885186,0.0,0.43247148394584656,0.05209152242885186,0.042460624558421284,0.19340329216076776,0.011936889961361885,0.01257125474512577,0.014848074875772,0.011942797340452671,0.01988394744694233,0.04286773502826691,0.07330814749002457,0.19854581356048584
42.0,0.4319664090871811,0.057170779444277287,1.6291762798380174,3.765226043187655,0.3765226043187655,0.0,0.004106670933274123,0.0,0.16541639084999377,0.4319664090871811,0.05133712005156737,0.0,0.4036532136110159,0.05133712005156737,0.04106670933274122,0.16927937475534585,0.012079931795597076,0.012657549232244492,0.014705588109791279,0.012304113246500492,0.019954169169068336,0.04367369785904884,0.07301068305969238,0.2689805030822754
43.0,0.43820224473109615,0.07675284706056118,1.7144091115670945,3.823923578629127,0.3823923578629127,0.0,0.004628968940904508,0.0,0.17191223628245866,0.43820224473109615,0.051180907596762366,0.0,0.4195083838242751,0.051180907596762366,0.04628968940904507,0.18074070834196532,0.012338649481534958,0.013136893510818481,0.015559647232294083,0.0122222900390625,0.020979590713977814,0.044769011437892914,0.0797446072101593,0.4152720868587494
44.0,0.4013676677758877,0.04623173933941871,1.7068344749230417,3.4021310897973867,0.3402131089797387,0.0,0.004635686857196001,0.0,0.14528787308014357,0.4013676677758877,0.05651887205357735,0.0,0.3546045972750737,0.05651887205357735,0.04635686857196001,0.13181455547992998,0.012006975710391998,0.012627320364117622,0.014913101680576801,0.012073060497641563,0.01998015120625496,0.04313470423221588,0.0729861631989479,0.18213243782520294
45.0,0.4037274087850864,0.0474373868200928,1.6838875498859,3.467556742521433,0.3467556742521433,0.0,0.0035720720170782164,0.0,0.1643853009893344,0.4037274087850864,0.05339965138297815,0.0,0.4039069597537701,0.05339965138297815,0.035720720170782164,0.16811159940866324,0.011894471943378448,0.012495727278292179,0.014814784750342369,0.011959274299442768,0.01966034062206745,0.043008383363485336,0.07409459352493286,0.19157151877880096
46.0,0.37386343570855946,0.060601043165661395,1.6786297762529756,3.18807190656662,0.318807190656662,0.0,0.003915566965364493,0.0,0.13880906311365274,0.37386343570855946,0.05114066342894848,0.0,0.33713889236633593,0.05114066342894848,0.03915566965364493,0.1188449040055275,0.012010560370981693,0.01254184264689684,0.014608207158744335,0.012171782553195953,0.019653286784887314,0.043152980506420135,0.07213359326124191,0.298536092042923
47.0,0.3839409970320188,0.05619498423766345,1.6886567106678458,3.2820620261705837,0.32820620261705835,0.0,0.004086829650287445,0.0,0.15261339453550485,0.3839409970320188,0.05164796099639856,0.0,0.38213893198049986,0.05164796099639856,0.04086829650287445,0.1506967733685787,0.011960919946432114,0.012576092965900898,0.014952112920582294,0.01198215875774622,0.019944503903388977,0.04297631233930588,0.07539496570825577,0.25977280735969543
48.0,0.3634274429999865,0.046700068982318044,1.6931516765469785,3.064439365497002,0.30644393654970026,0.0,0.0038324607249635915,0.0,0.1340046484883015,0.3634274429999865,0.05315104399162989,0.0,0.32441964516272914,0.05315104399162989,0.03832460724963592,0.11000693417512454,0.01191197894513607,0.012505300343036652,0.014733814634382725,0.012086919508874416,0.019538849592208862,0.04295076057314873,0.07121831178665161,0.18865461647510529
49.0,0.37102726101875305,0.057539455592632294,1.6395055390628597,3.1641419300666223,0.31641419300666224,0.0,0.004130118125333237,0.0,0.14123139415795988,0.37102726101875305,0.0504829460898271,0.0,0.35887787204522353,0.0504829460898271,0.04130118125333236,0.1338644941838888,0.012009459547698498,0.012601269409060478,0.014901933260262012,0.012001171708106995,0.02011791430413723,0.0429418720304966,0.07541731745004654,0.27032470703125
50.0,0.35401128461727727,0.05647105840034783,1.644714778544562,2.95036701972668,0.295036701972668,0.0,0.004633656115486071,0.0,0.1270002413254518,0.35401128461727727,0.05434092592734557,0.0,0.3095509008719371,0.05434092592734557,0.04633656115486072,0.099980956946428,0.011909556575119495,0.012429634109139442,0.014566437341272831,0.012041695415973663,0.019439077004790306,0.04293585941195488,0.07129401713609695,0.26715219020843506
51.0,0.36004822300030637,0.05207407393027097,1.6468492773723424,3.049850060389592,0.3049850060389592,0.0,0.0039001535910826468,0.0,0.1380049901512953,0.36004822300030637,0.05116305686533451,0.0,0.3457326969275108,0.05116305686533451,0.03900153591082646,0.12355022934766915,0.011948240920901299,0.012594168074429035,0.015020379796624184,0.01199328526854515,0.019807521253824234,0.04304271563887596,0.07432900369167328,0.22785727679729462
52.0,0.3417610262448971,0.045242890366353095,1.648486260637751,2.863075682750115,0.2863075682750115,0.0,0.0038972131907939913,0.0,0.12279755908709306,0.3417610262448971,0.051556237471791416,0.0,0.3003320269859754,0.051556237471791416,0.03897213190793991,0.09410766512155533,0.011873901821672916,0.012479630298912525,0.014788252301514149,0.011974643915891647,0.019559582695364952,0.04291180521249771,0.07268527895212173,0.17567002773284912
53.0,0.35849973330130946,0.0471903138095513,1.7274169024894652,3.0374000439277062,0.3037400043927706,0.0,0.0037068212548127537,0.0,0.13202011929108545,0.35849973330130946,0.05105290963099553,0.0,0.3361976628120129,0.05105290963099553,0.03706821254812754,0.11695516768556374,0.011899073608219624,0.012487842701375484,0.01480649970471859,0.011994781903922558,0.01957225799560547,0.043041981756687164,0.07318595796823502,0.19053411483764648
54.0,0.33305851542032683,0.049950068118050694,1.6265248685761824,2.7895272878500132,0.2789527287850013,0.0,0.0037546087916080773,0.0,0.12105496571614192,0.33305851542032683,0.05035117913324099,0.0,0.2954577310727193,0.05035117913324099,0.037546087916080766,0.09090610994742467,0.01191300805658102,0.012446430511772633,0.014638571068644524,0.012037839740514755,0.019570965319871902,0.04306263476610184,0.07196274399757385,0.21396835148334503
55.0,0.3486596712699303,0.05779586941935122,1.689854416118,2.952813606995803,0.2952813606995802,0.0,0.004151721599583443,0.0,0.12786941860730833,0.3486596712699303,0.049226581620482296,0.0,0.32139326746647173,0.049226581620482296,0.041517215995834425,0.10663989128974768,0.011954985558986664,0.012457053177058697,0.014604891650378704,0.0120308306068182,0.01967122219502926,0.043067142367362976,0.07321249693632126,0.275368332862854
56.0,0.32885112441503084,0.06517692096531391,1.6049412675201356,2.7359634179335375,0.2735963417933538,0.0,0.004610126709135679,0.0,0.11567899527458045,0.32885112441503084,0.05064465750295382,0.0,0.28617474092886996,0.05064465750295382,0.04610126709135679,0.08558195915359718,0.011973274871706963,0.012478902004659176,0.014568956568837166,0.012122130952775478,0.019532015547156334,0.04297543689608574,0.07272589951753616,0.3350387513637543
57.0,0.3411397807873212,0.05191411136183888,1.637623779947939,2.8590874121739316,0.2859087412173932,0.0,0.004409126478892107,0.0,0.12645262307845628,0.3411397807873212,0.05082190495270949,0.0,0.3148659055049603,0.05082190495270949,0.044091264788921065,0.10208365836968789,0.011933884583413601,0.012510654516518116,0.014849251136183739,0.012010031379759312,0.019779155030846596,0.04298467934131622,0.07440187782049179,0.22684335708618164
58.0,0.323974881034631,0.05190929502714425,1.6397551819037588,2.6899547347655663,0.26899547347655667,0.0,0.004159305072747745,0.0,0.11381568243870369,0.323974881034631,0.05082009661083038,0.0,0.28017685505060047,0.05082009661083038,0.04159305072747744,0.08204379677772522,0.011856010183691978,0.01241785567253828,0.014684106223285198,0.011984678916633129,0.01943804882466793,0.04288845881819725,0.07271800935268402,0.22928719222545624
59.0,0.3403711525293497,0.0533061777241528,1.7262977476705261,2.863384934572073,0.2863384934572073,0.0,0.0039062196102279886,0.0,0.12794353125187066,0.3403711525293497,0.05012643623810548,0.0,0.32292879315523,0.05012643623810548,0.039062196102279886,0.10735029297379348,0.011881072074174881,0.01243206299841404,0.014691590331494808,0.012014265172183514,0.0194433331489563,0.042992811650037766,0.07290689647197723,0.2400873899459839
60.0,0.3171972013436831,0.05703310819808394,1.6427215937143207,2.641129502883324,0.2641129502883324,0.0,0.003947680314572958,0.0,0.11220182593052204,0.3171972013436831,0.04913656657131819,0.0,0.2737781909795908,0.04913656657131819,0.03947680314572958,0.07840167014644696,0.011953379958868027,0.012470504269003868,0.014579095877707005,0.012113016098737717,0.019563039764761925,0.043016932904720306,0.07138162106275558,0.27118727564811707
61.0,0.3369966894388199,0.06320307252462953,1.6548219222460625,2.8348060846328735,0.2834806084632874,0.0,0.004587020295170637,0.0,0.12776214686723855,0.3369966894388199,0.048929054146775834,0.0,0.32540822143738085,0.048929054146775834,0.04587020295170637,0.10924761513104805,0.01209358498454094,0.01275257021188736,0.015190639533102512,0.012087101116776466,0.020416349172592163,0.043401408940553665,0.07720346003770828,0.3124794661998749
62.0,0.3206523565145639,0.054795365082100034,1.690088007198582,2.630486176564143,0.26304861765641435,0.0,0.0040902659726830635,0.0,0.10935221211268352,0.3206523565145639,0.05351347791460844,0.0,0.26499393582344055,0.05351347791460844,0.04090265972683063,0.07366670281268083,0.011984736658632755,0.012607017531991005,0.01478052418678999,0.01222454197704792,0.019388170912861824,0.04294974356889725,0.06915469467639923,0.2552734911441803
63.0,0.3383607382957752,0.060248131630942225,1.6309958462994087,2.8017624066426206,0.28017624066426206,0.0,0.0039410344253365814,0.0,0.12711758625048858,0.3383607382957752,0.05424345556933146,0.0,0.3266307276028853,0.05424345556933146,0.03941034425336581,0.11063324717374948,0.012078267522156239,0.01278150174766779,0.01527964323759079,0.012060156092047691,0.020208178088068962,0.04334471747279167,0.07561539113521576,0.2906171977519989
64.0,0.3146757706999779,0.044509598752483726,1.6315054840326058,2.5690865424963145,0.25690865424963144,0.0,0.004598672645023236,0.0,0.10745521921377915,0.3146757706999779,0.05316844038092173,0.0,0.25964375871878403,0.05316844038092173,0.04598672645023236,0.07060149641564259,0.011919918470084667,0.012582564726471901,0.015031477436423302,0.01201415155082941,0.01948579214513302,0.04251934960484505,0.0713818371295929,0.17114169895648956
65.0,0.3228147098651299,0.05102787702344358,1.5683806886165297,2.6858086310900173,0.26858086310900176,0.0,0.004322499337677773,0.0,0.12093753826159698,0.3228147098651299,0.049911343707488134,0.0,0.3095587067879163,0.049911343707488134,0.04322499337677772,0.09963164406900223,0.011948534287512302,0.012604162096977234,0.015037399716675282,0.012029344215989113,0.019803611561655998,0.04285354167222977,0.0737253800034523,0.22022104263305664
66.0,0.3043409265004672,0.05305290117394179,1.5579241702766413,2.5055873302313,0.25055873302313,0.0,0.004493592980389412,0.0,0.10796796587797311,0.3043409265004672,0.04928860039665149,0.0,0.26111480249808383,0.04928860039665149,0.04493592980389412,0.07122448588219973,0.011906243860721588,0.012441097758710384,0.014616439118981361,0.012037020176649094,0.019525179639458656,0.0430726483464241,0.07195364683866501,0.23887093365192413
67.0,0.3152199387550354,0.055038855876773596,1.5835019686094325,2.6234596234101515,0.26234596234101515,0.0,0.00412087831646204,0.0,0.12087354637109317,0.3152199387550354,0.048753102811483234,0.0,0.3072475389792369,0.048753102811483234,0.0412087831646204,0.09803569689393044,0.01194862648844719,0.012446505017578602,0.014632133767008781,0.012092332355678082,0.019512800499796867,0.04321805015206337,0.07203466445207596,0.2544257342815399
68.0,0.29750467435671735,0.05514173989649862,1.5543550248179068,2.437335252761841,0.24373352527618414,0.0,0.004433993565348479,0.0,0.10895458322304946,0.29750467435671735,0.04933714794997986,0.0,0.2632151796267583,0.04933714794997986,0.044339935653484784,0.07236600581269997,0.01197783648967743,0.012615915387868881,0.01498562004417181,0.01206417940557003,0.020077155902981758,0.04306354373693466,0.07469477504491806,0.25165489315986633
69.0,0.31829862755078536,0.04513018764555454,1.7404398364444031,2.606976178976206,0.26069761789762064,0.0,0.004460224451927038,0.0,0.12078044105034608,0.31829862755078536,0.053140790273363776,0.0,0.29961822812373823,0.053140790273363776,0.04460224451927038,0.09284152763967331,0.012099008075892925,0.012776942923665047,0.015327398665249348,0.012131059542298317,0.01973048970103264,0.04271411895751953,0.07234511524438858,0.17391736805438995
70.0,0.29395505556693446,0.04908311658073217,1.5843968938462765,2.407386009509747,0.24073860095097468,0.0,0.0041923345138247204,0.0,0.10982506321026729,0.29395505556693446,0.04902411510164921,0.0,0.262584021458259,0.04902411510164921,0.0419233451382472,0.07241342274042276,0.011910434812307358,0.012540415860712528,0.014904477633535862,0.012044630013406277,0.019689738750457764,0.042919982224702835,0.07301215082406998,0.20564310252666473
71.0,0.30019084879985225,0.05346500989980996,1.663364242943524,2.472599153335278,0.24725991533352776,0.0,0.004457795777573036,0.0,0.1189596584210029,0.30019084879985225,0.048473140941216394,0.0,0.2917437461706308,0.048473140941216394,0.044577957775730356,0.08815624120716865,0.011932911351323128,0.012465553358197212,0.01466190442442894,0.012068359181284904,0.01956918090581894,0.043151360005140305,0.07248010486364365,0.24139070510864258
72.0,0.29589289885300857,0.05792983726132661,1.4904669639632846,2.431706332243406,0.2431706332243406,0.0,0.004425928641397219,0.0,0.10779868352871674,0.29589289885300857,0.04829632963698644,0.0,0.26249885902954984,0.04829632963698644,0.04425928641397219,0.07261127176193091,0.012140795588493347,0.012798783369362354,0.015310627408325672,0.012149647809565067,0.020206252112984657,0.04365379735827446,0.07665956765413284,0.2705192267894745
73.0,0.2909449138320409,0.04832640499807894,1.6871752903757151,2.3419276980253367,0.2341927698025337,0.0,0.004421302232031639,0.0,0.11292263865470886,0.2909449138320409,0.05233083522090545,0.0,0.275312602519989,0.05233083522090545,0.04421302232031639,0.07930269077993356,0.012248801998794079,0.01296170148998499,0.015581930987536907,0.012192518450319767,0.020000865682959557,0.043216485530138016,0.07379002124071121,0.196618914604187
74.0,0.3007923456338736,0.04933375562541187,1.7335436016647878,2.4819265512319713,0.24819265512319713,0.0,0.0044633409868066135,0.0,0.11242759055816211,0.3007923456338736,0.048136339451257996,0.0,0.2733956678555562,0.048136339451257996,0.044633409868066125,0.07821593892115813,0.011954664252698421,0.012591936625540257,0.014933574013411999,0.012087325565516949,0.01981441304087639,0.04302353784441948,0.07297971099615097,0.20728488266468048
75.0,0.300641920704108,0.04990762332454324,1.5916928181502488,2.478918249790485,0.24789182497904852,0.0,0.004516464113616027,0.0,0.11204724787519528,0.300641920704108,0.04823362196867283,0.0,0.28828931657167584,0.04823362196867283,0.04516464113616026,0.08958123180155571,0.011977729387581348,0.012584712356328964,0.014899801462888718,0.012094524689018726,0.019851939752697945,0.04324420541524887,0.07385499030351639,0.21075308322906494
76.0,0.291832267664946,0.06958715268410742,1.6037961406899766,2.391425696703104,0.23914256967031036,0.0,0.004330994432362226,0.0,0.10559616467127433,0.291832267664946,0.0483586942920318,0.0,0.25640498101711273,0.0483586942920318,0.043309944323622264,0.06888796045229985,0.012087899260222912,0.01258627139031887,0.01478540524840355,0.012302662245929241,0.01945432461798191,0.04298374056816101,0.07179086655378342,0.37070605158805847
77.0,0.3103279603215364,0.056602657423354685,1.60027579631368,2.540121312324817,0.25401213123248173,0.0,0.004707337235315488,0.0,0.10871406415334114,0.3103279603215364,0.051608494411294274,0.0,0.28815814508841586,0.051608494411294274,0.04707337235315488,0.09126506917751752,0.012208526022732258,0.012837770394980907,0.015356739051640034,0.012222234159708023,0.020252656191587448,0.04394888877868652,0.07739134877920151,0.2586030960083008
78.0,0.2798458973948772,0.04331303818617016,1.639072755456445,2.2460013903104343,0.22460013903104342,0.0,0.004206122701557783,0.0,0.10351043452437107,0.2798458973948772,0.05103963212325023,0.0,0.24963910189958718,0.05103963212325023,0.04206122701557783,0.06559023418678687,0.012071588076651096,0.012757854536175728,0.015240504406392574,0.012158180586993694,0.019739635288715363,0.042838290333747864,0.07220496982336044,0.15949328243732452
79.0,0.29310954877963435,0.057732360903173685,1.6801126961707213,2.4178644693814793,0.24178644693814796,0.0,0.004436489208959616,0.0,0.11545029167945568,0.29310954877963435,0.046886612016421095,0.0,0.2936803985100526,0.046886612016421095,0.04436489208959616,0.090730828877825,0.01219384465366602,0.012821714393794537,0.01528145931661129,0.012234887108206749,0.020367112010717392,0.044028423726558685,0.07746287435293198,0.26746857166290283
80.0,0.2798891090429746,0.054488098598085344,1.6552248091676256,2.2299239956415615,0.22299239956415617,0.0,0.00491762960759493,0.0,0.10192268485060105,0.2798891090429746,0.051979077979922295,0.0,0.2468478106535398,0.051979077979922295,0.049176296075949304,0.06529359261576946,0.012031961232423782,0.01266249269247055,0.01510816253721714,0.012161442078649998,0.019618675112724304,0.042994532734155655,0.0726417601108551,0.24868576228618622
81.0,0.27411117347387165,0.05726052413228899,1.5980522169637699,2.2137426367172828,0.22137426367172827,0.0,0.004288954517016045,0.0,0.11432174363961586,0.27411117347387165,0.04844795110133978,0.0,0.2819080845667766,0.04844795110133978,0.04288954517016044,0.08327372801991609,0.012185713276267052,0.012946108356118202,0.015444885939359665,0.012187118642032146,0.020199967548251152,0.04363548755645752,0.07490662485361099,0.2665782868862152
82.0,0.27846411672922283,0.05213027377612889,1.6007539370823212,2.2600952982902527,0.22600952982902528,0.0,0.004410912225452753,0.0,0.09910735889123036,0.27846411672922283,0.04804367170884059,0.0,0.24658849720771497,0.04804367170884059,0.04410912225452753,0.06577622818832214,0.01230203453451395,0.012947337701916695,0.01554558053612709,0.012262810952961445,0.02003934420645237,0.043876517564058304,0.07590236514806747,0.22416619956493378
83.0,0.274553772348624,0.060183111927472055,1.5322976410130695,2.1996468488986674,0.21996468488986676,0.0,0.0048573345089188,0.0,0.10782450552170093,0.274553772348624,0.049731746315956116,0.0,0.27014272258831906,0.049731746315956116,0.04857334508918799,0.07797907063594231,0.012252557091414928,0.012848231941461563,0.015371227636933327,0.012276237830519676,0.019967641681432724,0.04380876570940018,0.07663223892450333,0.2883079946041107
84.0,0.2696504925306027,0.06858816870953888,1.568064515300852,2.1680069795021644,0.21680069795021642,0.0,0.004729427468891327,0.0,0.10008603506363355,0.2696504925306027,0.048120362111009084,0.0,0.24657324185738197,0.048120362111009084,0.04729427468891327,0.06488238561611909,0.012099981307983398,0.012593163177371025,0.01481232512742281,0.012327536940574646,0.019445955753326416,0.04299192130565643,0.07193680852651596,0.3624976575374603
85.0,0.28570360289170194,0.05344233999494463,1.5305155243301938,2.323852768311134,0.2323852768311134,0.0,0.0044085855022645915,0.0,0.11335277098875779,0.28570360289170194,0.048909734504727215,0.0,0.3029808619847664,0.048909734504727215,0.04408585502264591,0.09997689494719872,0.012068481184542179,0.012709014117717743,0.015091195702552795,0.012177018448710442,0.020090902224183083,0.043408337980508804,0.07548139244318008,0.23651237785816193
86.0,0.2669770929675836,0.05865505477413535,1.6084795628787356,2.1172697177300086,0.21172697177300087,0.0,0.003967024027728117,0.0,0.10080104779738647,0.2669770929675836,0.05128309202308838,0.0,0.24862156349879044,0.05128309202308838,0.03967024027728117,0.06541153287085202,0.012288421392440796,0.01293540932238102,0.015308704227209091,0.012336447834968567,0.01960917003452778,0.04295022413134575,0.07287459820508957,0.28093746304512024
87.0,0.28321728568810683,0.0747076328843832,1.544804317134201,2.289491946880634,0.22894919468806338,0.0,0.004884207922105606,0.0,0.10933194882594623,0.28321728568810683,0.049383879997409307,0.0,0.29437330250556654,0.049383879997409307,0.04884207922105606,0.09573228599933478,0.012636407278478146,0.013342647813260555,0.015963785350322723,0.012427572160959244,0.0211345124989748,0.04626832529902458,0.08226657658815384,0.3936212360858917
88.0,0.26390952043808424,0.043687412166036665,1.6647261877292647,2.048411245529468,0.20484112455294684,0.0,0.004290584460473978,0.0,0.10109078568907884,0.26390952043808424,0.05477780218307789,0.0,0.25043028593063354,0.05477780218307789,0.04290584460473978,0.06662017149994007,0.012134650722146034,0.012824085541069508,0.015232298523187637,0.012268008664250374,0.01991509273648262,0.04329418018460274,0.07216351479291916,0.16166746616363525
89.0,0.2850589763659697,0.06812339136376977,1.7195672385843894,2.281995800825266,0.22819958008252655,0.0,0.0042172648872320475,0.0,0.11089080170943187,0.2850589763659697,0.05264212864522751,0.0,0.29082658886909485,0.05264212864522751,0.042172648872320466,0.09158481227663848,0.012343501672148705,0.013070959597826004,0.015540043823421001,0.01228827703744173,0.020802291110157967,0.04466746747493744,0.07937904447317123,0.3468955457210541
90.0,0.2729127143438046,0.043037921423092484,1.8146423177115436,2.1778870041553793,0.21778870041553786,0.0,0.004441117137097396,0.0,0.09392559299102196,0.2729127143438046,0.050682889870726146,0.0,0.2361446235042352,0.050682889870726146,0.04441117137097395,0.061446792231156275,0.012088336981832981,0.01276635006070137,0.015157373622059822,0.012218673713505268,0.019768139347434044,0.04314325749874115,0.0718868300318718,0.15727441012859344
91.0,0.2606963377732497,0.06459332059603184,1.5958248011502343,2.052451560130486,0.20524515601304857,0.0,0.004590248946960155,0.0,0.10729351868996254,0.2606963377732497,0.05086092980435261,0.0,0.2690417170524597,0.05086092980435261,0.04590248946960156,0.07676349107462627,0.012228365987539291,0.01293714065104723,0.015381043776869774,0.012232426553964615,0.020682722330093384,0.044058915227651596,0.07824337482452393,0.32098257541656494
92.0,0.2660958394408226,0.049034704570658505,1.7368343794527625,2.082470958049481,0.20824709580494807,0.0,0.0053618308873130726,0.0,0.09258457244588779,0.2660958394408226,0.05248691327869892,0.0,0.23768836145217603,0.05248691327869892,0.053618308873130724,0.06263953963151345,0.012190260924398899,0.012866283766925335,0.01541409082710743,0.012208490632474422,0.019848734140396118,0.043387170881032944,0.0740647241473198,0.2022978812456131
93.0,0.25010771361681133,0.06544373487122357,1.5432030813030566,1.9852146598008962,0.19852146598008963,0.0,0.00446880694765311,0.0,0.10489885394389813,0.25010771361681133,0.047117432149556965,0.0,0.2647867947816849,0.047117432149556965,0.0446880694765311,0.07511558512655589,0.012455095537006855,0.013289803639054298,0.01587687060236931,0.012311187572777271,0.02060389332473278,0.045558180660009384,0.07734925299882889,0.32610559463500977
94.0,0.24686667323112488,0.0614330560201779,1.6217090413869721,1.939561550433819,0.19395615504338187,0.0,0.0047224422343648395,0.0,0.09477185429288791,0.24686667323112488,0.04818807427699749,0.0,0.24380066417730772,0.04818807427699749,0.047224422343648396,0.06481116709227745,0.012362432666122913,0.013092642650008202,0.01568053476512432,0.012265389785170555,0.02037588320672512,0.04469499737024307,0.07765664905309677,0.29533591866493225
95.0,0.2695353753291644,0.047477601445280015,1.8651230594773038,2.168903126166417,0.2168903126166417,0.0,0.004748823966544408,0.0,0.10582919304187481,0.2695353753291644,0.047896234318614006,0.0,0.2699417792833768,0.047896234318614006,0.04748823966544408,0.07834850538235444,0.012088868767023087,0.012787537649273872,0.01524194423109293,0.012187579646706581,0.019829390570521355,0.043140921741724014,0.07317272573709488,0.1913718432188034
96.0,0.2616284478169221,0.06249334255699068,1.7241448349691155,2.0964087522946873,0.20964087522946875,0.0,0.004533026446230137,0.0,0.09086947171733929,0.2616284478169221,0.04745453796707667,0.0,0.23125959646243316,0.04745453796707667,0.045330264462301366,0.060325457427937254,0.012380612082779408,0.013120203278958797,0.015684491023421288,0.0122941629961133,0.020484304055571556,0.04485665261745453,0.07776939868927002,0.30335691571235657
97.0,0.2437651759156814,0.0605772907147184,1.6060481260207082,1.8973513291432307,0.18973513291432306,0.0,0.005437339856647529,0.0,0.10063481560120216,0.2437651759156814,0.048592691954511866,0.0,0.2536873003611198,0.048592691954511866,0.05437339856647528,0.06830785201432613,0.012248932383954525,0.012951287440955639,0.015426304191350937,0.012234258465468884,0.020395684987306595,0.04407455772161484,0.07727637141942978,0.290010929107666
98.0,0.2746740791660089,0.047998255118727684,1.9391544506514076,2.218538518135364,0.22185385181353642,0.0,0.004292331635951996,0.0,0.09332541892161736,0.2746740791660089,0.04852789224913487,0.0,0.24309531083473793,0.04852789224913487,0.04292331635951996,0.06645543314516544,0.01232674065977335,0.013080589473247528,0.015630966052412987,0.012336130253970623,0.020239798352122307,0.044089145958423615,0.0743250772356987,0.19195759296417236
99.0,0.2595764994621277,0.0616697680670768,1.662999680599514,2.057828563910264,0.20578285639102648,0.0,0.004226478275198202,0.0,0.0909288849395055,0.2595764994621277,0.049567161701046504,0.0,0.231365955219819,0.049567161701046504,0.042264782751982026,0.05910881307835762,0.01220231968909502,0.012794706970453262,0.015181634575128555,0.012293064035475254,0.0204208642244339,0.044119369238615036,0.07690249383449554,0.29944369196891785
100.0,0.24385221073260674,0.05958895420189947,1.6633346961668625,1.9065789809593787,0.19065789809593786,0.0,0.00528693270797913,0.0,0.09448163526562545,0.24385221073260674,0.04790737035755928,0.0,0.24534813028115493,0.04790737035755928,0.05286932707979129,0.06520491795471081,0.012219365686178207,0.012944811023771763,0.015383877791464329,0.012243722565472126,0.020389143377542496,0.04382840171456337,0.0762520357966423,0.28345027565956116
101.0,0.2677373353105325,0.06732751370873302,1.6640366818977437,2.1596689957838793,0.2159668995783879,0.0,0.004640721887923204,0.0,0.0944228395819664,0.2677373353105325,0.047129714431670994,0.0,0.2581441201842748,0.047129714431670994,0.04640721887923204,0.07754116140019435,0.012511198408901691,0.013311371207237244,0.01583300717175007,0.012422014027833939,0.020761340856552124,0.04572579264640808,0.07795518636703491,0.3401001989841461
102.0,0.2622445145478615,0.06823973858263344,1.7125526596775997,2.079445664699261,0.20794456646992615,0.0,0.004251293386690892,0.0,0.09045265070520915,0.2622445145478615,0.05004865174683241,0.0,0.23460635542869568,0.05004865174683241,0.042512933866908915,0.060450017058218904,0.01245561707764864,0.012993039563298225,0.015437174588441849,0.012463171035051346,0.02012428268790245,0.04438958317041397,0.07788395136594772,0.3501710891723633
103.0,0.26966539369179654,0.06854927923996001,1.8208878941214697,2.1663823494544396,0.21663823494544404,0.0,0.005211389652238442,0.0,0.09683496447709891,0.26966539369179654,0.04781575916478267,0.0,0.2685652868105815,0.04781575916478267,0.05211389652238442,0.08249475677999166,0.012660572305321693,0.013278449885547161,0.01594391092658043,0.012491744011640549,0.020990435034036636,0.045999594032764435,0.08234743028879166,0.34468209743499756
104.0,0.24780021435939348,0.04489735187962651,1.807560061506418,1.9270860461088328,0.19270860461088327,0.0,0.004139730950387625,0.0,0.08743773601376094,0.24780021435939348,0.050951877752175696,0.0,0.22222200838419107,0.050951877752175696,0.041397309503876246,0.056111182229450114,0.012296240776777267,0.013026043772697449,0.015452117659151554,0.012362117879092693,0.020206626504659653,0.04390881210565567,0.07381469756364822,0.1681121587753296
105.0,0.26289313114606416,0.07341370021458715,1.7660022379431946,2.058354817903959,0.2058354817903959,0.0,0.004207821290653486,0.0,0.1023095020881066,0.26289313114606416,0.05284982962677112,0.0,0.273796636897784,0.05284982962677112,0.04207821290653486,0.08043890532392722,0.0124931326135993,0.013250819407403469,0.015683364123106003,0.012431592680513859,0.0211670882999897,0.0453333742916584,0.0809222087264061,0.3860280215740204
106.0,0.29356889999829805,0.06332278007175773,1.9799992421918104,2.3952864591891947,0.2395286459189195,0.0,0.005103887639080102,0.0,0.09062955958338884,0.29356889999829805,0.04893635929777072,0.0,0.2333067747262808,0.04893635929777072,0.05103887639080103,0.06120884504455786,0.012526832520961761,0.013136548921465874,0.015557795763015747,0.012518704868853092,0.019963786005973816,0.04408664628863335,0.07533503323793411,0.3134568929672241
107.0,0.3300866988989023,0.07792742096353322,1.7917079414415455,2.7298902089779196,0.2729890208977919,0.0,0.0052133893809066375,0.0,0.08142471241836365,0.3300866988989023,0.05188428467282882,0.0,0.2261878985625047,0.05188428467282882,0.05213389380906637,0.06037167119435393,0.012801343575119972,0.013529337011277676,0.016094304621219635,0.012604907155036926,0.021519500762224197,0.04702197387814522,0.0828879103064537,0.41696009039878845
108.0,0.26682480711203355,0.060425951378419995,1.6707215153022357,2.1234379502443166,0.21234379502443168,0.0,0.004711402737750457,0.0,0.08354599172106156,0.26682480711203355,0.04976960443533384,0.0,0.213603800879075,0.04976960443533384,0.04711402737750457,0.04928444906209524,0.012501625344157219,0.013264047913253307,0.015693586319684982,0.012450764887034893,0.020681744441390038,0.045373816043138504,0.07688873261213303,0.286553293466568
109.0,0.2690136031462596,0.0672540357336402,1.7694759799221158,2.1354829348050632,0.21354829348050627,0.0,0.0036881297110364984,0.0,0.08113659603091386,0.2690136031462596,0.051777175842569426,0.0,0.22783764967551598,0.051777175842569426,0.03688129711036499,0.05815868158466541,0.012614155188202858,0.013167212717235088,0.01557729672640562,0.012598980218172073,0.020210355520248413,0.04462801292538643,0.07692819833755493,0.34230807423591614
110.0,0.2554815377180393,0.06249396305065602,1.7636972928674568,2.008667597403893,0.20086675974038937,0.0,0.004807631076815037,0.0,0.08682508795307232,0.2554815377180393,0.04980713687837124,0.0,0.223951056599617,0.04980713687837124,0.04807631076815037,0.054756015682449706,0.012610075064003468,0.013212999328970909,0.015733398497104645,0.01256694458425045,0.020929018035531044,0.045363787561655045,0.07951630651950836,0.30001917481422424
111.0,0.2852995521747149,0.05447925999760628,1.7814258368052651,2.3269762717760525,0.2326976271776053,0.0,0.004149832533529172,0.0,0.07832835098871818,0.2852995521747149,0.04845209319431048,0.0,0.2253118518453378,0.04845209319431048,0.041498325335291714,0.0579554013764629,0.01244367752224207,0.013115791603922844,0.01558421365916729,0.012459822930395603,0.02041459269821644,0.04442283511161804,0.07562001794576645,0.24177312850952148
112.0,0.23549562176832786,0.07946986414026469,1.5843953201363834,1.8295009044500499,0.18295009044500501,0.0,0.0041130234057513565,0.0,0.08181179372163919,0.23549562176832786,0.04843250719400553,0.0,0.21569491693606743,0.04843250719400553,0.041130234057513565,0.05070502411287565,0.01261596567928791,0.013035965152084827,0.015392834320664406,0.012716710567474365,0.020500341430306435,0.0449138768017292,0.07707802951335907,0.4395051896572113
113.0,0.25952360320549744,0.06798360962420702,1.6539839433433128,2.059344608050126,0.20593446080501263,0.0,0.004953671146470767,0.0,0.07931895668690021,0.25952360320549744,0.048635466740681574,0.0,0.2270085490666903,0.048635466740681574,0.049536711464707665,0.059027960094121784,0.012674313969910145,0.013248501345515251,0.015726160258054733,0.012635248713195324,0.02114320732653141,0.04544924572110176,0.08087939023971558,0.34211280941963196
114.0,0.23447977063747552,0.060744088143110275,1.7181744320181165,1.8116298730556781,0.18116298730556787,0.0,0.004085358182111613,0.0,0.0802112276164385,0.23447977063747552,0.049231418336813264,0.0,0.21341476646753457,0.049231418336813264,0.04085358182111612,0.05027609289838718,0.012576693668961525,0.013206318020820618,0.015610503032803535,0.01260874979197979,0.020062437281012535,0.04417724907398224,0.07442016899585724,0.2932905852794647
115.0,0.26700599778157014,0.07695413695182651,1.6960380740785936,2.117667358655196,0.21176673586551958,0.0,0.004380281706555533,0.0,0.08084717421577527,0.26700599778157014,0.0508589748866283,0.0,0.24267634462851745,0.0508589748866283,0.04380281706555532,0.06966426080236068,0.012801263481378555,0.013502710498869419,0.016011828556656837,0.01266813836991787,0.021610910072922707,0.0465349443256855,0.08236716687679291,0.4101361334323883
116.0,0.2508098523204143,0.0679570980137214,1.734339653959825,1.9648200869560242,0.1964820086956024,0.0,0.004995339657538212,0.0,0.0797167022067767,0.2508098523204143,0.04933250079361292,0.0,0.21340880313744912,0.04933250079361292,0.04995339657538212,0.049899510895976655,0.012817132286727428,0.013355973176658154,0.015927523374557495,0.012724298052489758,0.02083776332437992,0.04579366743564606,0.08013089001178741,0.342069536447525
117.0,0.2668267757846759,0.07661650201771408,1.7719187164108792,2.1300504161761356,0.21300504161761355,0.0,0.004652078213313452,0.0,0.07620714776791059,0.2668267757846759,0.04916965288038437,0.0,0.22532325696486694,0.04916965288038437,0.046520782133134514,0.06062516398154772,0.01307173352688551,0.013744998723268509,0.016459614038467407,0.012783186510205269,0.021524935960769653,0.048258814960718155,0.08301570266485214,0.404073029756546
118.0,0.23101853751219237,0.069392359117046,1.6090248608185767,1.803591856589684,0.1803591856589684,0.0,0.004546360005266392,0.0,0.07806972041726112,0.23101853751219237,0.04611299315897318,0.0,0.20959075597616342,0.04611299315897318,0.045463600052663915,0.04876354802399874,0.01269322820007801,0.01320890337228775,0.01570003852248192,0.012665016576647758,0.02082410641014576,0.04536027833819389,0.0791829377412796,0.3555043637752533
119.0,0.2526873189669389,0.07484403648413718,1.7009261086507854,2.003114585693066,0.2003114585693066,0.0,0.00485799671508945,0.0,0.07691438897297932,0.2526873189669389,0.047517864749981806,0.0,0.222559898518599,0.047517864749981806,0.04857996715089449,0.05735507614624042,0.012862692587077618,0.013519526459276676,0.01607232354581356,0.012708738446235657,0.02156854420900345,0.04666431248188019,0.08253517001867294,0.39282098412513733
120.0,0.22868078373945677,0.06157769588753581,1.6916941124906961,1.7611345465366657,0.17611345465366657,0.0,0.004184896721003147,0.0,0.07791612755793792,0.22868078373945677,0.048382424821074195,0.0,0.21079689206985328,0.048382424821074195,0.04184896721003147,0.04944047088233324,0.01254255324602127,0.013102326542139053,0.015531920827925205,0.012580775655806065,0.020304949954152107,0.04444712772965431,0.07544469088315964,0.29866722226142883
121.0,0.2540651181569466,0.08248211606405675,1.6852991595840512,1.9915697895563567,0.19915697895563567,0.0,0.004707287767758736,0.0,0.07483762302077733,0.2540651181569466,0.05020084934165844,0.0,0.21937874589975065,0.05020084934165844,0.04707287767758736,0.05705848758896956,0.01297758612781763,0.01369592733681202,0.016196569427847862,0.012788294814527035,0.021997055038809776,0.04716818034648895,0.08333337306976318,0.4516999423503876
122.0,0.2287471993611409,0.0678389947861433,1.5999458765411327,1.7473773818749647,0.1747377381874965,0.0,0.004883357244901932,0.0,0.07594079237717849,0.2287471993611409,0.04912609735933634,0.0,0.20704354288486335,0.04912609735933634,0.04883357244901932,0.04811748303472996,0.012816425412893295,0.013350749388337135,0.015907373279333115,0.012726625427603722,0.02098342403769493,0.04577941820025444,0.08037924766540527,0.3407686948776245
123.0,0.24632807133289483,0.0769124337239191,1.709407947903466,1.9320818598453815,0.19320818598453815,0.0,0.004450238660837596,0.0,0.07557025408515564,0.24632807133289483,0.048669639544991344,0.0,0.22084984584496573,0.048669639544991344,0.04450238660837595,0.05742558056058792,0.013046997599303722,0.013689945451915264,0.016374357044696808,0.012796689756214619,0.021583210676908493,0.04796233028173447,0.08340058475732803,0.40644535422325134
124.0,0.22040967299388006,0.06885052856523544,1.5922820447834323,1.7002460887798896,0.17002460887798898,0.0,0.004384555861067314,0.0,0.07560290682774323,0.22040967299388006,0.04600050443640122,0.0,0.2069188356399536,0.04600050443640122,0.04384555861067314,0.04802633291826798,0.012738123536109924,0.013262180611491203,0.015758870169520378,0.012687883339822292,0.02099033258855343,0.04547490179538727,0.07979979366064072,0.3500921428203583
125.0,0.23719217628240585,0.07875351887196302,1.5574165974568526,1.8577210994867177,0.1857721099486718,0.0,0.004841251771610517,0.0,0.07509156259206626,0.23719217628240585,0.04657881406064217,0.0,0.21808203940208143,0.04657881406064217,0.04841251771610517,0.05590458751584475,0.01294398307800293,0.013613303191959858,0.016163235530257225,0.012778622098267078,0.021801743656396866,0.04710021987557411,0.08357862383127213,0.422048419713974
126.0,0.2207440774028118,0.0699866134673357,1.634852494573021,1.6869047696773822,0.16869047696773826,0.0,0.004161374213603826,0.0,0.07487688643427995,0.2207440774028118,0.04789222332720573,0.0,0.20528604491398886,0.04789222332720573,0.041613742136038266,0.047397731230236016,0.012635077349841595,0.013129309751093388,0.015521000139415264,0.012675921432673931,0.020374877378344536,0.04457732290029526,0.07672066241502762,0.364258736371994
127.0,0.2412859654197326,0.07972689135931432,1.6250915489990292,1.8431530548976018,0.18431530548976022,0.0,0.004749641646272861,0.0,0.07535842032386707,0.2412859654197326,0.05222101652851471,0.0,0.22056656388136056,0.05222101652851471,0.04749641646272861,0.0568711432413413,0.012939156964421272,0.01362034771591425,0.01611294224858284,0.012788181193172932,0.021937785670161247,0.046678829938173294,0.08336871862411499,0.43036916851997375
128.0,0.22157681045623925,0.06594764604233205,1.609065016620284,1.6917768258314867,0.16917768258314864,0.0,0.0047840255097701,0.0,0.0749975279546701,0.22157681045623925,0.04761509697597761,0.0,0.2074371799826622,0.04761509697597761,0.047840255097701,0.04813556473415632,0.01292557455599308,0.01348359975963831,0.016081692650914192,0.012790861539542675,0.02113533206284046,0.04627734795212746,0.08136216551065445,0.3235245943069458
129.0,0.23189855137696633,0.09900502278469503,1.6170119986682379,1.790909936794868,0.1790909936794868,0.0,0.005155714450833889,0.0,0.07444746706348199,0.23189855137696633,0.047651843096201234,0.0,0.2177996228520687,0.047651843096201234,0.05155714450833889,0.05573490125915179,0.013592841103672981,0.014357016421854496,0.01700500026345253,0.013163120485842228,0.022995004430413246,0.05065969005227089,0.09057579189538956,0.5696917176246643
130.0,0.22133319079875946,0.06269022752530873,1.6126495172893613,1.6431799989480238,0.1643179998948024,0.0,0.0043417861398596025,0.0,0.07390906432500252,0.22133319079875946,0.05267340346024586,0.0,0.20426221994253305,0.05267340346024586,0.04341786139859603,0.04708651266992092,0.012883094139397144,0.01348607987165451,0.016049794852733612,0.01276026014238596,0.021013226360082626,0.04624740034341812,0.08049499988555908,0.29858696460723877
131.0,0.22737078024790838,0.09268362098373473,1.579650249432744,1.7486921090346117,0.1748692109034612,0.0,0.0048829240222963,0.0,0.07528397526878577,0.22737078024790838,0.04761864373890253,0.0,0.21933601624690569,0.04761864373890253,0.048829240222963005,0.05592460715426849,0.013350718654692173,0.014077646657824516,0.016635674983263016,0.013036726973950863,0.022673368453979492,0.04920036345720291,0.08798587322235107,0.5245085954666138
132.0,0.21712602101839507,0.0638751934748143,1.584062008487606,1.6220819010184362,0.16220819010184362,0.0,0.004510842793836043,0.0,0.0733816669537471,0.21712602101839507,0.05040698742064146,0.0,0.20532512894043556,0.05040698742064146,0.04510842793836044,0.04750414371777039,0.012751046568155289,0.01331290788948536,0.015827655792236328,0.012702273204922676,0.020957669243216515,0.045566536486148834,0.07929548621177673,0.31058797240257263
133.0,0.22177624243956345,0.08673142048064619,1.5166611531614511,1.6818054410127492,0.16818054410127495,0.0,0.00498863494453522,0.0,0.07395829862126937,0.22177624243956345,0.0486070614021558,0.0,0.21881370934156272,0.0486070614021558,0.04988634944535219,0.0569767033896194,0.013146232813596725,0.01386202685534954,0.016396433115005493,0.01291924249380827,0.02230161800980568,0.04805740341544151,0.08529993146657944,0.4818684756755829
134.0,0.20929381136710828,0.07410541037097573,1.4346801376517386,1.5601753133993883,0.15601753133993884,0.0,0.0046748813456640795,0.0,0.07166392184220828,0.20929381136710828,0.0486013968116962,0.0,0.20084979213201082,0.0486013968116962,0.046748813456640795,0.04650456135949263,0.013015087693929672,0.013538389466702938,0.016121627762913704,0.012864905409514904,0.021389558911323547,0.0464463047683239,0.08321050554513931,0.3862569034099579
135.0,0.2171248415341744,0.0784493574174121,1.5272356165984498,1.6449886881388152,0.16449886881388148,0.0,0.004692408521301471,0.0,0.07496345673616116,0.2171248415341744,0.047933561297563404,0.0,0.22056672492852578,0.047933561297563404,0.046924085213014714,0.05733153532044245,0.01308352593332529,0.013726107776165009,0.016375869512557983,0.012850342318415642,0.02182442881166935,0.047904253005981445,0.08452912420034409,0.417301207780838
136.0,0.20416489988565445,0.07091867574490607,1.454649970089851,1.5443210028685057,0.15443210028685056,0.0,0.0045050028568277,0.0,0.07112797793860619,0.20416489988565445,0.04522779283042137,0.0,0.20108511814704308,0.04522779283042137,0.045050028568276994,0.04661603640908232,0.012861382216215134,0.013404943980276585,0.015926087275147438,0.012771940790116787,0.021335113793611526,0.04593665897846222,0.08179719001054764,0.3633160889148712
137.0,0.2150284252487696,0.07904944755136967,1.516926771383377,1.6456706432195811,0.16456706432195808,0.0,0.004821430676831649,0.0,0.0745504552928301,0.2150284252487696,0.04563993000640319,0.0,0.22042429791047022,0.04563993000640319,0.04821430676831649,0.058011005560939126,0.012955120764672756,0.013610399328172207,0.016178740188479424,0.012781579047441483,0.021807286888360977,0.04726840928196907,0.08366131037473679,0.42413273453712463
